Country,Age,BusinessPerf_DontKnow,BusinessPerf_Neutral,BusinessPerf_SomewhatBadly,BusinessPerf_SomewhatWell,BusinessPerf_VeryBadly,BusinessPerf_VeryWell,Collab_DoesntMatter,Collab_DontKnow,Collab_No,Collab_Yes,CountryPerf_DontKnow,CountryPerf_Neutral,CountryPerf_SomewhatBadly,CountryPerf_SomewhatWell,CountryPerf_VeryBadly,CountryPerf_VeryWell,EffectDecisions_ALittle,EffectDecisions_ALot,EffectDecisions_DontKnow,EffectDecisions_NotAtAll,ExtremeWeather_Better,ExtremeWeather_DontKnow,ExtremeWeather_Same,ExtremeWeather_Worse,MostImpact_Activists,MostImpact_BigBiz,MostImpact_DontKnow,MostImpact_EU,MostImpact_FaithLeaders,MostImpact_Govt,MostImpact_UN,ProtectNature_ALittle,ProtectNature_ALot,ProtectNature_DontKnow,ProtectNature_NotAtAll,RenewableTransition_DontKnow,RenewableTransition_NotAtAll,RenewableTransition_Slowly,RenewableTransition_SomewhatQuickly,RenewableTransition_VeryQuickly,RichHelp_DontKnow,RichHelp_Less,RichHelp_More,RichHelp_Same,TARGET_Strengthen_DontKnow,TARGET_Strengthen_KeepSame,TARGET_Strengthen_Strengthen,TARGET_Strengthen_Weaken,TeachClimate_DontKnow,TeachClimate_Less,TeachClimate_More,TeachClimate_Same,ThinkClimate_Daily,ThinkClimate_DontKnow,ThinkClimate_FewTimesYear,ThinkClimate_Never,ThinkClimate_Weekly,WeatherProtection_DontKnow,WeatherProtection_Less,WeatherProtection_More,WeatherProtection_Same,WorryNextGen_DontKnow,WorryNextGen_Extremely,WorryNextGen_NotAtAll,WorryNextGen_NotVery,WorryNextGen_Somewhat,WorryNextGen_Very,WorryVsLastYr_DontKnow,WorryVsLastYr_Less,WorryVsLastYr_More,WorryVsLastYr_Same,Target_Binary,Age_Numeric
Afghanistan,18 to 35,8.0,18.0,10.0,26.0,14.0,24.0,1.0,2.0,4.0,94.0,9.0,20.0,9.0,27.0,17.0,19.0,21.0,71.0,2.0,6.0,13.0,11.0,26.0,50.0,2.0,7.0,26.0,0.0,3.0,27.0,34.0,6.0,90.0,2.0,2.0,7.0,4.0,39.0,11.0,39.0,0.0,1.0,96.0,3.0,8.0,15.0,75.0,2.0,1.0,2.0,89.0,8.0,49.0,4.0,7.0,7.0,33.0,2.0,2.0,90.0,6.0,4.0,32.0,5.0,1.0,22.0,36.0,2.0,14.0,75.0,9.0,0,1
Afghanistan,36 to 59,8.0,18.0,11.0,23.0,16.0,23.0,0.0,2.0,4.0,94.0,14.0,23.0,8.0,23.0,17.0,15.0,14.0,75.0,4.0,7.0,15.0,11.0,18.0,55.0,2.0,6.0,35.0,0.0,4.0,19.0,33.0,5.0,93.0,2.0,1.0,14.0,1.0,44.0,9.0,31.0,0.0,1.0,97.0,2.0,9.0,12.0,76.0,2.0,0.0,1.0,94.0,4.0,63.0,2.0,6.0,5.0,24.0,1.0,3.0,90.0,6.0,5.0,33.0,2.0,2.0,19.0,39.0,1.0,8.0,86.0,5.0,0,2
Algeria,18 to 35,18.0,41.0,17.0,11.0,12.0,1.0,1.0,3.0,14.0,82.0,7.0,45.0,17.0,14.0,12.0,4.0,25.0,44.0,1.0,30.0,8.0,1.0,22.0,70.0,11.0,9.0,23.0,0.0,18.0,34.0,5.0,5.0,93.0,1.0,2.0,7.0,10.0,10.0,24.0,49.0,2.0,3.0,90.0,5.0,2.0,6.0,76.0,15.0,0.0,2.0,92.0,6.0,45.0,0.0,16.0,13.0,25.0,1.0,1.0,93.0,6.0,2.0,19.0,15.0,9.0,34.0,22.0,0.0,14.0,69.0,18.0,0,1
Algeria,36 to 59,27.0,33.0,16.0,10.0,11.0,3.0,2.0,1.0,9.0,87.0,13.0,42.0,16.0,16.0,7.0,7.0,22.0,51.0,0.0,26.0,8.0,1.0,15.0,76.0,8.0,12.0,23.0,0.0,20.0,31.0,7.0,2.0,96.0,0.0,2.0,10.0,8.0,11.0,18.0,52.0,1.0,3.0,91.0,5.0,4.0,5.0,73.0,17.0,0.0,0.0,98.0,2.0,63.0,1.0,10.0,11.0,15.0,1.0,1.0,94.0,4.0,4.0,23.0,13.0,9.0,22.0,28.0,1.0,10.0,74.0,15.0,0,2
Argentina,18 to 35,9.0,26.0,30.0,19.0,15.0,1.0,3.0,5.0,7.0,85.0,6.0,29.0,37.0,15.0,13.0,1.0,38.0,17.0,0.0,45.0,3.0,0.0,41.0,56.0,15.0,17.0,5.0,0.0,3.0,56.0,5.0,5.0,94.0,0.0,1.0,9.0,6.0,14.0,48.0,24.0,6.0,2.0,73.0,18.0,5.0,10.0,84.0,0.0,2.0,1.0,73.0,25.0,24.0,0.0,43.0,6.0,27.0,2.0,0.0,85.0,13.0,0.0,8.0,6.0,12.0,44.0,30.0,0.0,4.0,49.0,48.0,0,1
Argentina,36 to 59,15.0,19.0,31.0,13.0,21.0,1.0,3.0,1.0,5.0,91.0,6.0,25.0,39.0,14.0,15.0,2.0,37.0,22.0,0.0,41.0,4.0,0.0,28.0,68.0,16.0,22.0,7.0,0.0,4.0,44.0,7.0,4.0,94.0,1.0,1.0,7.0,3.0,14.0,49.0,28.0,1.0,2.0,87.0,10.0,2.0,6.0,91.0,1.0,0.0,1.0,92.0,6.0,35.0,1.0,29.0,8.0,27.0,0.0,0.0,97.0,3.0,0.0,16.0,3.0,3.0,38.0,39.0,0.0,2.0,58.0,39.0,1,2
Argentina,60 plus,14.0,21.0,32.0,12.0,18.0,2.0,1.0,11.0,4.0,84.0,9.0,22.0,36.0,20.0,12.0,1.0,40.0,19.0,0.0,41.0,5.0,0.0,32.0,64.0,7.0,23.0,13.0,0.0,7.0,44.0,6.0,7.0,92.0,0.0,1.0,12.0,5.0,15.0,44.0,24.0,4.0,1.0,81.0,14.0,8.0,6.0,86.0,1.0,5.0,0.0,82.0,13.0,37.0,1.0,36.0,5.0,22.0,1.0,0.0,92.0,8.0,1.0,7.0,5.0,10.0,33.0,44.0,0.0,2.0,57.0,41.0,1,3
Australia,18 to 35,14.0,22.0,20.0,18.0,19.0,8.0,2.0,3.0,4.0,90.0,12.0,22.0,16.0,27.0,12.0,12.0,40.0,26.0,1.0,33.0,8.0,6.0,52.0,33.0,19.0,13.0,20.0,0.0,10.0,29.0,8.0,14.0,79.0,4.0,4.0,6.0,8.0,14.0,29.0,42.0,4.0,9.0,77.0,9.0,4.0,6.0,82.0,8.0,3.0,7.0,77.0,12.0,21.0,1.0,35.0,13.0,31.0,3.0,6.0,70.0,21.0,2.0,20.0,10.0,12.0,29.0,27.0,3.0,22.0,54.0,20.0,0,1
Australia,36 to 59,12.0,20.0,19.0,14.0,25.0,10.0,4.0,3.0,10.0,83.0,13.0,21.0,20.0,17.0,19.0,11.0,30.0,25.0,0.0,45.0,8.0,2.0,51.0,38.0,23.0,8.0,22.0,0.0,8.0,29.0,10.0,17.0,76.0,2.0,5.0,3.0,14.0,14.0,26.0,43.0,4.0,10.0,71.0,14.0,4.0,13.0,71.0,12.0,4.0,17.0,65.0,14.0,26.0,0.0,33.0,14.0,27.0,3.0,3.0,67.0,26.0,1.0,19.0,16.0,14.0,20.0,30.0,1.0,24.0,48.0,27.0,0,2
Australia,60 plus,15.0,18.0,17.0,17.0,18.0,15.0,3.0,2.0,6.0,88.0,9.0,16.0,24.0,22.0,16.0,13.0,32.0,22.0,1.0,45.0,4.0,1.0,54.0,41.0,32.0,8.0,19.0,0.0,8.0,26.0,8.0,20.0,68.0,7.0,4.0,4.0,14.0,18.0,24.0,40.0,5.0,7.0,73.0,15.0,10.0,9.0,67.0,14.0,11.0,14.0,61.0,13.0,41.0,1.0,30.0,9.0,19.0,4.0,3.0,56.0,37.0,1.0,17.0,14.0,11.0,28.0,28.0,1.0,23.0,48.0,27.0,0,3
Bangladesh,18 to 35,4.0,24.0,14.0,31.0,8.0,20.0,0.0,1.0,4.0,95.0,1.0,25.0,10.0,34.0,6.0,24.0,41.0,31.0,1.0,27.0,22.0,0.0,16.0,63.0,5.0,16.0,13.0,0.0,3.0,48.0,14.0,7.0,92.0,0.0,0.0,4.0,1.0,24.0,15.0,56.0,0.0,4.0,91.0,6.0,1.0,13.0,83.0,3.0,0.0,1.0,93.0,6.0,34.0,1.0,33.0,12.0,21.0,1.0,3.0,89.0,8.0,1.0,7.0,15.0,11.0,39.0,28.0,2.0,22.0,51.0,25.0,0,1
Bangladesh,36 to 59,7.0,25.0,17.0,31.0,9.0,12.0,0.0,0.0,5.0,94.0,1.0,25.0,8.0,33.0,9.0,25.0,43.0,37.0,0.0,20.0,14.0,1.0,13.0,72.0,4.0,14.0,10.0,0.0,3.0,57.0,12.0,9.0,91.0,0.0,0.0,3.0,2.0,22.0,19.0,54.0,1.0,2.0,93.0,4.0,0.0,10.0,87.0,3.0,0.0,0.0,94.0,5.0,46.0,1.0,33.0,7.0,12.0,1.0,3.0,86.0,10.0,1.0,6.0,10.0,7.0,39.0,36.0,2.0,14.0,66.0,18.0,1,2
Benin,18 to 35,15.0,17.0,12.0,31.0,12.0,13.0,1.0,1.0,6.0,92.0,7.0,20.0,9.0,39.0,8.0,18.0,31.0,36.0,0.0,33.0,19.0,1.0,31.0,49.0,21.0,7.0,5.0,0.0,5.0,53.0,9.0,10.0,89.0,0.0,1.0,2.0,7.0,39.0,19.0,33.0,1.0,4.0,93.0,2.0,0.0,2.0,96.0,2.0,0.0,3.0,95.0,3.0,34.0,1.0,47.0,7.0,11.0,0.0,2.0,96.0,1.0,1.0,23.0,6.0,9.0,22.0,39.0,1.0,27.0,56.0,16.0,1,1
Benin,36 to 59,14.0,19.0,9.0,30.0,16.0,12.0,0.0,1.0,6.0,93.0,7.0,21.0,11.0,33.0,10.0,18.0,22.0,45.0,0.0,32.0,17.0,0.0,28.0,55.0,15.0,8.0,5.0,0.0,6.0,54.0,12.0,4.0,95.0,0.0,1.0,1.0,10.0,39.0,15.0,35.0,1.0,2.0,95.0,2.0,0.0,2.0,97.0,1.0,0.0,2.0,96.0,2.0,45.0,0.0,38.0,4.0,14.0,1.0,1.0,98.0,0.0,1.0,25.0,4.0,7.0,18.0,45.0,0.0,21.0,62.0,16.0,1,2
Bhutan,18 to 35,5.0,25.0,10.0,39.0,6.0,15.0,1.0,1.0,3.0,96.0,2.0,14.0,4.0,39.0,1.0,40.0,47.0,22.0,0.0,31.0,14.0,0.0,33.0,53.0,5.0,8.0,4.0,0.0,19.0,52.0,12.0,11.0,87.0,0.0,2.0,1.0,3.0,13.0,36.0,47.0,0.0,2.0,94.0,4.0,1.0,8.0,86.0,5.0,0.0,2.0,93.0,4.0,31.0,0.0,31.0,3.0,35.0,0.0,5.0,83.0,12.0,0.0,31.0,3.0,5.0,28.0,33.0,0.0,15.0,70.0,14.0,1,1
Bhutan,36 to 59,7.0,20.0,12.0,35.0,9.0,17.0,1.0,2.0,5.0,92.0,1.0,8.0,4.0,37.0,2.0,47.0,30.0,27.0,0.0,42.0,10.0,0.0,33.0,57.0,4.0,4.0,5.0,0.0,18.0,57.0,11.0,8.0,91.0,0.0,1.0,3.0,5.0,7.0,34.0,51.0,0.0,2.0,95.0,3.0,1.0,6.0,90.0,3.0,0.0,1.0,96.0,3.0,46.0,0.0,25.0,3.0,26.0,0.0,4.0,87.0,9.0,1.0,40.0,1.0,2.0,24.0,32.0,0.0,13.0,78.0,9.0,1,2
Brazil,18 to 35,4.0,22.0,25.0,11.0,33.0,5.0,2.0,4.0,4.0,90.0,3.0,25.0,27.0,11.0,31.0,4.0,42.0,27.0,1.0,30.0,4.0,1.0,27.0,68.0,11.0,19.0,24.0,0.0,7.0,27.0,12.0,9.0,86.0,2.0,4.0,4.0,3.0,10.0,25.0,58.0,2.0,2.0,89.0,7.0,3.0,8.0,86.0,3.0,2.0,1.0,93.0,4.0,47.0,1.0,21.0,6.0,26.0,1.0,2.0,92.0,5.0,0.0,25.0,3.0,3.0,27.0,42.0,0.0,3.0,74.0,23.0,1,1
Brazil,36 to 59,6.0,14.0,22.0,11.0,44.0,2.0,0.0,3.0,4.0,92.0,4.0,15.0,22.0,14.0,43.0,2.0,41.0,38.0,1.0,21.0,3.0,1.0,23.0,74.0,17.0,22.0,18.0,0.0,8.0,28.0,7.0,6.0,93.0,0.0,1.0,5.0,3.0,12.0,16.0,64.0,2.0,3.0,91.0,4.0,1.0,11.0,86.0,2.0,1.0,1.0,95.0,3.0,51.0,2.0,17.0,7.0,24.0,2.0,2.0,91.0,5.0,0.0,34.0,3.0,4.0,16.0,43.0,0.0,2.0,75.0,23.0,1,2
Burkina Faso,18 to 35,5.0,16.0,15.0,39.0,7.0,17.0,1.0,0.0,8.0,90.0,3.0,11.0,8.0,45.0,5.0,27.0,31.0,40.0,1.0,29.0,28.0,1.0,31.0,41.0,12.0,11.0,5.0,0.0,7.0,56.0,9.0,7.0,92.0,0.0,1.0,1.0,4.0,31.0,20.0,43.0,0.0,12.0,82.0,6.0,0.0,3.0,93.0,3.0,0.0,4.0,93.0,3.0,38.0,1.0,38.0,4.0,19.0,0.0,4.0,93.0,3.0,1.0,10.0,6.0,12.0,21.0,50.0,0.0,26.0,55.0,18.0,1,1
Burkina Faso,36 to 59,5.0,17.0,14.0,37.0,7.0,21.0,1.0,1.0,6.0,93.0,2.0,11.0,10.0,46.0,4.0,28.0,31.0,47.0,0.0,22.0,28.0,0.0,30.0,42.0,15.0,11.0,4.0,0.0,5.0,58.0,7.0,3.0,97.0,0.0,0.0,0.0,3.0,29.0,19.0,50.0,1.0,13.0,83.0,3.0,1.0,3.0,96.0,1.0,1.0,3.0,93.0,2.0,49.0,1.0,32.0,3.0,16.0,1.0,5.0,92.0,2.0,0.0,12.0,6.0,8.0,20.0,54.0,1.0,27.0,60.0,12.0,1,2
Cambodia,18 to 35,13.0,47.0,17.0,18.0,3.0,2.0,0.0,3.0,5.0,92.0,5.0,53.0,14.0,23.0,1.0,4.0,44.0,23.0,0.0,34.0,12.0,0.0,45.0,43.0,9.0,1.0,25.0,0.0,2.0,59.0,4.0,1.0,99.0,0.0,0.0,4.0,4.0,15.0,40.0,38.0,4.0,3.0,85.0,8.0,1.0,5.0,92.0,2.0,1.0,0.0,95.0,4.0,33.0,0.0,30.0,18.0,18.0,0.0,2.0,97.0,1.0,0.0,7.0,10.0,3.0,47.0,33.0,0.0,17.0,48.0,35.0,1,1
Cambodia,36 to 59,10.0,47.0,21.0,17.0,3.0,3.0,0.0,2.0,4.0,94.0,4.0,51.0,16.0,22.0,4.0,2.0,40.0,29.0,0.0,31.0,16.0,0.0,38.0,45.0,5.0,1.0,21.0,0.0,1.0,66.0,5.0,1.0,98.0,0.0,1.0,5.0,4.0,17.0,31.0,43.0,2.0,5.0,87.0,7.0,2.0,5.0,90.0,3.0,1.0,0.0,96.0,3.0,37.0,1.0,22.0,17.0,23.0,0.0,1.0,96.0,3.0,0.0,6.0,9.0,3.0,44.0,37.0,0.0,16.0,54.0,30.0,1,2
Canada,18 to 35,11.0,15.0,25.0,15.0,29.0,5.0,8.0,1.0,4.0,87.0,10.0,18.0,26.0,23.0,17.0,6.0,35.0,15.0,1.0,49.0,11.0,8.0,44.0,38.0,28.0,16.0,19.0,0.0,6.0,22.0,8.0,18.0,76.0,2.0,4.0,3.0,12.0,20.0,37.0,29.0,4.0,8.0,67.0,21.0,6.0,13.0,71.0,10.0,1.0,8.0,69.0,22.0,19.0,1.0,30.0,13.0,37.0,4.0,3.0,61.0,31.0,2.0,15.0,12.0,8.0,37.0,26.0,2.0,14.0,45.0,39.0,0,1
Canada,36 to 59,8.0,19.0,24.0,15.0,30.0,4.0,10.0,1.0,8.0,81.0,6.0,21.0,27.0,19.0,23.0,5.0,31.0,20.0,1.0,47.0,14.0,3.0,45.0,38.0,23.0,14.0,19.0,0.0,6.0,33.0,6.0,13.0,80.0,2.0,5.0,4.0,17.0,18.0,31.0,30.0,5.0,14.0,55.0,26.0,3.0,15.0,62.0,19.0,6.0,13.0,59.0,22.0,25.0,2.0,28.0,14.0,31.0,3.0,3.0,58.0,35.0,0.0,18.0,14.0,14.0,23.0,31.0,1.0,16.0,43.0,41.0,0,2
Canada,60 plus,10.0,16.0,29.0,15.0,26.0,3.0,8.0,2.0,4.0,86.0,5.0,12.0,25.0,37.0,18.0,3.0,36.0,17.0,1.0,46.0,7.0,2.0,50.0,41.0,28.0,16.0,12.0,0.0,5.0,33.0,6.0,18.0,75.0,3.0,3.0,2.0,13.0,18.0,34.0,33.0,7.0,9.0,64.0,19.0,6.0,11.0,66.0,17.0,7.0,10.0,63.0,21.0,35.0,3.0,25.0,10.0,27.0,4.0,3.0,63.0,31.0,0.0,20.0,10.0,10.0,26.0,34.0,0.0,8.0,47.0,45.0,0,3
China,18 to 35,8.0,25.0,10.0,38.0,6.0,13.0,13.0,0.0,5.0,82.0,2.0,19.0,6.0,46.0,4.0,23.0,48.0,14.0,0.0,38.0,5.0,0.0,72.0,22.0,14.0,16.0,5.0,0.0,0.0,56.0,10.0,10.0,76.0,0.0,13.0,1.0,9.0,12.0,56.0,23.0,0.0,1.0,63.0,35.0,0.0,27.0,72.0,1.0,0.0,1.0,69.0,30.0,16.0,1.0,46.0,12.0,25.0,0.0,0.0,67.0,32.0,0.0,6.0,13.0,28.0,42.0,11.0,0.0,3.0,33.0,64.0,0,1
China,36 to 59,5.0,27.0,9.0,44.0,3.0,13.0,9.0,0.0,4.0,87.0,1.0,20.0,6.0,48.0,2.0,24.0,47.0,24.0,0.0,29.0,6.0,0.0,67.0,27.0,8.0,23.0,6.0,0.0,0.0,55.0,8.0,14.0,80.0,1.0,5.0,3.0,7.0,12.0,52.0,26.0,0.0,2.0,74.0,25.0,1.0,26.0,72.0,1.0,0.0,1.0,75.0,24.0,16.0,0.0,49.0,19.0,16.0,0.0,0.0,68.0,31.0,0.0,3.0,8.0,24.0,50.0,16.0,0.0,3.0,40.0,57.0,0,2
China,60 plus,6.0,22.0,5.0,49.0,1.0,16.0,8.0,1.0,6.0,84.0,2.0,15.0,4.0,56.0,0.0,22.0,47.0,23.0,1.0,29.0,10.0,0.0,64.0,26.0,8.0,24.0,10.0,0.0,0.0,45.0,13.0,10.0,79.0,1.0,10.0,3.0,8.0,7.0,54.0,28.0,1.0,3.0,76.0,20.0,0.0,27.0,71.0,1.0,0.0,1.0,80.0,19.0,19.0,0.0,47.0,15.0,19.0,0.0,0.0,76.0,23.0,0.0,1.0,12.0,21.0,50.0,16.0,0.0,4.0,45.0,51.0,0,3
Colombia,18 to 35,5.0,20.0,20.0,33.0,19.0,3.0,4.0,1.0,6.0,89.0,2.0,26.0,20.0,30.0,17.0,4.0,41.0,36.0,1.0,22.0,4.0,3.0,45.0,48.0,4.0,28.0,9.0,0.0,6.0,38.0,14.0,4.0,95.0,1.0,1.0,3.0,10.0,20.0,38.0,29.0,0.0,2.0,95.0,3.0,1.0,7.0,89.0,3.0,0.0,1.0,94.0,4.0,45.0,0.0,32.0,7.0,16.0,1.0,1.0,95.0,3.0,0.0,16.0,5.0,3.0,41.0,34.0,0.0,4.0,71.0,25.0,1,1
Colombia,36 to 59,4.0,18.0,30.0,27.0,16.0,4.0,2.0,1.0,4.0,93.0,2.0,12.0,30.0,36.0,14.0,5.0,27.0,57.0,0.0,16.0,6.0,1.0,34.0,59.0,2.0,26.0,9.0,0.0,5.0,43.0,15.0,2.0,97.0,0.0,1.0,6.0,11.0,18.0,37.0,28.0,0.0,1.0,96.0,3.0,1.0,10.0,89.0,1.0,0.0,1.0,96.0,3.0,61.0,1.0,18.0,6.0,15.0,0.0,0.0,96.0,4.0,1.0,19.0,5.0,4.0,27.0,45.0,0.0,5.0,78.0,17.0,1,2
Colombia,60 plus,9.0,17.0,28.0,25.0,10.0,11.0,2.0,2.0,7.0,89.0,2.0,20.0,23.0,28.0,17.0,12.0,33.0,52.0,1.0,15.0,7.0,1.0,36.0,56.0,2.0,24.0,10.0,0.0,3.0,48.0,12.0,6.0,92.0,0.0,2.0,5.0,16.0,25.0,35.0,20.0,1.0,0.0,96.0,3.0,3.0,19.0,75.0,3.0,0.0,1.0,94.0,5.0,51.0,1.0,22.0,7.0,20.0,1.0,3.0,90.0,7.0,0.0,14.0,5.0,5.0,29.0,46.0,0.0,4.0,78.0,18.0,0,3
Côte d'Ivoire,18 to 35,8.0,12.0,13.0,29.0,18.0,19.0,1.0,0.0,10.0,89.0,5.0,10.0,10.0,31.0,14.0,29.0,30.0,42.0,0.0,28.0,25.0,1.0,36.0,38.0,8.0,13.0,4.0,0.0,6.0,60.0,9.0,13.0,85.0,1.0,2.0,1.0,14.0,29.0,21.0,35.0,0.0,5.0,87.0,8.0,1.0,10.0,85.0,3.0,0.0,4.0,87.0,9.0,31.0,1.0,43.0,7.0,18.0,0.0,5.0,89.0,6.0,2.0,24.0,10.0,7.0,22.0,36.0,1.0,22.0,47.0,30.0,0,1
Côte d'Ivoire,36 to 59,9.0,15.0,9.0,22.0,31.0,13.0,1.0,0.0,8.0,90.0,5.0,13.0,8.0,28.0,21.0,25.0,27.0,48.0,1.0,25.0,21.0,0.0,39.0,40.0,9.0,15.0,3.0,0.0,6.0,57.0,11.0,9.0,90.0,0.0,1.0,2.0,11.0,30.0,15.0,42.0,1.0,2.0,90.0,7.0,0.0,5.0,94.0,1.0,0.0,3.0,91.0,6.0,35.0,1.0,46.0,6.0,13.0,0.0,2.0,92.0,6.0,0.0,31.0,9.0,4.0,19.0,37.0,0.0,19.0,54.0,26.0,1,2
Democratic Republic of the Congo,18 to 35,6.0,15.0,14.0,31.0,25.0,9.0,0.0,1.0,12.0,87.0,3.0,13.0,12.0,33.0,25.0,14.0,32.0,39.0,0.0,30.0,16.0,1.0,37.0,46.0,4.0,12.0,4.0,0.0,9.0,52.0,19.0,9.0,87.0,0.0,5.0,1.0,11.0,27.0,19.0,41.0,1.0,6.0,89.0,5.0,1.0,7.0,79.0,14.0,1.0,12.0,84.0,3.0,38.0,0.0,37.0,7.0,18.0,0.0,8.0,87.0,5.0,1.0,12.0,14.0,10.0,24.0,39.0,0.0,33.0,50.0,17.0,0,1
Democratic Republic of the Congo,36 to 59,6.0,19.0,10.0,27.0,30.0,7.0,1.0,0.0,14.0,85.0,2.0,17.0,12.0,31.0,27.0,11.0,28.0,48.0,0.0,24.0,16.0,0.0,30.0,53.0,6.0,5.0,3.0,0.0,7.0,61.0,17.0,8.0,89.0,0.0,3.0,2.0,11.0,26.0,17.0,43.0,0.0,7.0,89.0,4.0,0.0,5.0,85.0,10.0,1.0,11.0,86.0,2.0,42.0,0.0,36.0,8.0,14.0,1.0,9.0,86.0,4.0,1.0,10.0,12.0,8.0,25.0,45.0,1.0,25.0,59.0,14.0,0,2
Dominican Republic (the),18 to 35,10.0,19.0,17.0,32.0,13.0,9.0,4.0,1.0,6.0,88.0,3.0,18.0,20.0,38.0,12.0,10.0,45.0,28.0,1.0,25.0,11.0,2.0,47.0,40.0,7.0,14.0,19.0,0.0,10.0,42.0,8.0,12.0,84.0,1.0,3.0,7.0,12.0,24.0,36.0,21.0,2.0,1.0,91.0,6.0,2.0,15.0,77.0,6.0,0.0,2.0,93.0,5.0,55.0,3.0,18.0,5.0,19.0,1.0,1.0,90.0,9.0,2.0,6.0,8.0,11.0,40.0,34.0,0.0,9.0,69.0,22.0,0,1
Dominican Republic (the),36 to 59,10.0,13.0,21.0,28.0,19.0,9.0,1.0,1.0,5.0,93.0,3.0,15.0,20.0,33.0,20.0,9.0,42.0,35.0,1.0,21.0,7.0,3.0,39.0,51.0,6.0,13.0,21.0,0.0,13.0,40.0,7.0,9.0,90.0,0.0,1.0,11.0,8.0,21.0,39.0,22.0,3.0,0.0,90.0,7.0,3.0,15.0,76.0,6.0,0.0,0.0,96.0,4.0,58.0,2.0,21.0,6.0,13.0,1.0,0.0,92.0,6.0,3.0,13.0,7.0,5.0,29.0,44.0,1.0,7.0,73.0,19.0,0,2
Ecuador,18 to 35,4.0,24.0,31.0,23.0,14.0,4.0,3.0,0.0,3.0,94.0,1.0,28.0,32.0,22.0,13.0,4.0,46.0,32.0,0.0,22.0,7.0,1.0,39.0,53.0,14.0,21.0,11.0,0.0,6.0,37.0,12.0,5.0,95.0,0.0,0.0,3.0,4.0,23.0,44.0,25.0,0.0,0.0,95.0,4.0,0.0,4.0,93.0,2.0,0.0,1.0,97.0,2.0,38.0,0.0,30.0,5.0,27.0,0.0,0.0,96.0,3.0,0.0,13.0,4.0,3.0,36.0,45.0,0.0,6.0,72.0,22.0,1,1
Ecuador,36 to 59,7.0,20.0,31.0,19.0,18.0,5.0,3.0,0.0,3.0,94.0,3.0,19.0,31.0,25.0,16.0,6.0,41.0,44.0,0.0,15.0,4.0,1.0,34.0,61.0,10.0,18.0,12.0,0.0,8.0,42.0,10.0,5.0,93.0,0.0,1.0,3.0,5.0,17.0,42.0,32.0,1.0,1.0,96.0,2.0,2.0,3.0,95.0,0.0,0.0,0.0,97.0,3.0,53.0,1.0,22.0,5.0,19.0,0.0,1.0,96.0,3.0,0.0,12.0,7.0,3.0,30.0,47.0,0.0,2.0,78.0,20.0,1,2
Egypt,18 to 35,7.0,25.0,18.0,26.0,17.0,8.0,4.0,1.0,8.0,87.0,2.0,24.0,15.0,31.0,14.0,13.0,20.0,38.0,1.0,40.0,6.0,1.0,37.0,55.0,12.0,21.0,9.0,0.0,6.0,36.0,16.0,9.0,83.0,1.0,7.0,1.0,9.0,3.0,22.0,65.0,1.0,1.0,88.0,10.0,1.0,12.0,85.0,1.0,0.0,3.0,83.0,14.0,41.0,2.0,19.0,17.0,21.0,1.0,0.0,81.0,18.0,1.0,17.0,15.0,9.0,36.0,22.0,1.0,12.0,55.0,32.0,0,1
Egypt,36 to 59,8.0,24.0,14.0,27.0,20.0,7.0,6.0,1.0,9.0,85.0,3.0,21.0,16.0,33.0,16.0,12.0,20.0,42.0,0.0,38.0,5.0,1.0,31.0,63.0,10.0,19.0,6.0,0.0,6.0,44.0,16.0,9.0,84.0,1.0,7.0,2.0,8.0,5.0,18.0,67.0,0.0,1.0,87.0,12.0,0.0,11.0,88.0,1.0,0.0,3.0,87.0,10.0,41.0,1.0,21.0,19.0,19.0,1.0,1.0,81.0,17.0,0.0,21.0,14.0,6.0,31.0,27.0,1.0,8.0,63.0,29.0,1,2
El Salvador,18 to 35,4.0,20.0,19.0,35.0,11.0,11.0,2.0,1.0,6.0,91.0,2.0,22.0,14.0,38.0,7.0,18.0,51.0,31.0,0.0,18.0,7.0,0.0,54.0,38.0,5.0,19.0,9.0,0.0,10.0,50.0,7.0,5.0,94.0,0.0,1.0,5.0,14.0,19.0,43.0,20.0,0.0,0.0,95.0,4.0,0.0,20.0,77.0,2.0,0.0,1.0,94.0,5.0,46.0,0.0,32.0,5.0,16.0,0.0,0.0,91.0,9.0,0.0,10.0,5.0,6.0,42.0,37.0,0.0,9.0,60.0,31.0,0,1
El Salvador,36 to 59,10.0,15.0,27.0,25.0,14.0,8.0,2.0,1.0,4.0,93.0,3.0,16.0,16.0,36.0,14.0,15.0,39.0,46.0,0.0,15.0,6.0,1.0,38.0,56.0,4.0,19.0,13.0,0.0,15.0,45.0,5.0,7.0,91.0,0.0,1.0,6.0,9.0,17.0,48.0,20.0,0.0,0.0,96.0,3.0,0.0,15.0,84.0,1.0,0.0,0.0,93.0,7.0,67.0,1.0,15.0,5.0,13.0,0.0,0.0,92.0,8.0,0.0,12.0,4.0,7.0,30.0,47.0,0.0,4.0,72.0,25.0,0,2
Ethiopia,18 to 35,12.0,17.0,10.0,29.0,20.0,13.0,1.0,0.0,2.0,97.0,2.0,12.0,4.0,37.0,4.0,40.0,30.0,29.0,5.0,36.0,22.0,4.0,37.0,38.0,1.0,9.0,6.0,0.0,18.0,53.0,12.0,5.0,94.0,0.0,1.0,3.0,2.0,15.0,41.0,40.0,1.0,3.0,95.0,1.0,1.0,1.0,97.0,1.0,0.0,1.0,97.0,1.0,52.0,2.0,22.0,7.0,17.0,1.0,2.0,92.0,5.0,3.0,4.0,9.0,8.0,26.0,51.0,3.0,26.0,61.0,10.0,1,1
Ethiopia,36 to 59,14.0,11.0,9.0,26.0,23.0,17.0,1.0,1.0,1.0,97.0,3.0,12.0,4.0,29.0,5.0,47.0,20.0,36.0,5.0,40.0,18.0,4.0,39.0,39.0,1.0,8.0,9.0,0.0,15.0,57.0,9.0,1.0,98.0,1.0,0.0,6.0,1.0,11.0,42.0,39.0,0.0,6.0,91.0,2.0,0.0,0.0,97.0,2.0,0.0,0.0,99.0,0.0,56.0,1.0,21.0,7.0,15.0,1.0,2.0,93.0,4.0,3.0,9.0,9.0,8.0,14.0,57.0,2.0,25.0,58.0,15.0,1,2
Fiji,18 to 35,9.0,22.0,14.0,17.0,23.0,15.0,1.0,2.0,1.0,96.0,3.0,22.0,10.0,20.0,21.0,23.0,40.0,46.0,1.0,14.0,10.0,2.0,37.0,52.0,14.0,7.0,12.0,0.0,13.0,34.0,20.0,17.0,80.0,0.0,3.0,3.0,4.0,30.0,17.0,46.0,1.0,2.0,92.0,5.0,3.0,7.0,80.0,11.0,1.0,1.0,95.0,3.0,42.0,2.0,25.0,6.0,25.0,1.0,3.0,86.0,10.0,1.0,23.0,4.0,5.0,16.0,51.0,1.0,10.0,80.0,9.0,0,1
Fiji,36 to 59,7.0,23.0,15.0,15.0,28.0,12.0,2.0,1.0,2.0,95.0,2.0,20.0,14.0,19.0,26.0,19.0,30.0,59.0,0.0,10.0,10.0,1.0,24.0,65.0,13.0,11.0,11.0,0.0,11.0,38.0,16.0,15.0,82.0,1.0,2.0,3.0,6.0,26.0,22.0,43.0,1.0,3.0,91.0,5.0,3.0,9.0,77.0,11.0,1.0,2.0,93.0,4.0,52.0,2.0,20.0,3.0,23.0,2.0,7.0,78.0,14.0,2.0,22.0,4.0,8.0,10.0,54.0,1.0,12.0,83.0,4.0,0,2
France,18 to 35,5.0,15.0,32.0,12.0,35.0,1.0,2.0,1.0,6.0,91.0,5.0,22.0,36.0,16.0,17.0,3.0,46.0,18.0,0.0,35.0,3.0,3.0,55.0,39.0,26.0,12.0,23.0,17.0,1.0,10.0,11.0,12.0,87.0,0.0,0.0,3.0,11.0,12.0,42.0,32.0,4.0,4.0,65.0,26.0,1.0,10.0,87.0,3.0,2.0,3.0,75.0,20.0,23.0,1.0,31.0,6.0,39.0,3.0,0.0,76.0,22.0,1.0,26.0,5.0,4.0,29.0,35.0,0.0,4.0,46.0,51.0,1,1
France,36 to 59,6.0,19.0,33.0,10.0,31.0,2.0,2.0,1.0,4.0,92.0,4.0,26.0,34.0,16.0,16.0,4.0,36.0,25.0,1.0,38.0,2.0,1.0,56.0,41.0,29.0,12.0,19.0,18.0,0.0,14.0,7.0,9.0,90.0,0.0,1.0,6.0,7.0,11.0,39.0,37.0,6.0,6.0,65.0,23.0,3.0,14.0,77.0,7.0,3.0,5.0,69.0,24.0,27.0,1.0,30.0,5.0,37.0,4.0,0.0,71.0,24.0,0.0,21.0,2.0,5.0,27.0,44.0,0.0,2.0,46.0,52.0,0,2
France,60 plus,7.0,18.0,34.0,20.0,19.0,2.0,1.0,1.0,4.0,94.0,4.0,27.0,23.0,29.0,14.0,3.0,41.0,16.0,3.0,39.0,5.0,2.0,61.0,32.0,21.0,12.0,18.0,25.0,2.0,19.0,4.0,13.0,84.0,1.0,2.0,4.0,6.0,17.0,42.0,31.0,7.0,3.0,61.0,28.0,3.0,18.0,75.0,4.0,5.0,1.0,69.0,25.0,33.0,0.0,28.0,4.0,36.0,3.0,1.0,70.0,26.0,0.0,18.0,4.0,3.0,25.0,49.0,1.0,3.0,40.0,56.0,0,3
Germany,18 to 35,2.0,27.0,26.0,28.0,12.0,5.0,5.0,0.0,6.0,90.0,2.0,31.0,16.0,35.0,2.0,14.0,34.0,10.0,3.0,54.0,10.0,1.0,62.0,27.0,12.0,19.0,11.0,19.0,1.0,24.0,14.0,23.0,75.0,0.0,1.0,1.0,3.0,12.0,53.0,31.0,0.0,9.0,52.0,38.0,1.0,33.0,62.0,5.0,3.0,3.0,62.0,32.0,9.0,2.0,44.0,3.0,42.0,2.0,5.0,51.0,43.0,1.0,17.0,3.0,8.0,34.0,37.0,0.0,13.0,38.0,49.0,0,1
Germany,36 to 59,9.0,26.0,38.0,11.0,12.0,5.0,4.0,1.0,5.0,90.0,4.0,29.0,22.0,29.0,7.0,8.0,30.0,17.0,2.0,51.0,7.0,2.0,59.0,31.0,23.0,14.0,11.0,14.0,0.0,28.0,10.0,16.0,83.0,1.0,1.0,2.0,9.0,18.0,40.0,31.0,2.0,9.0,60.0,29.0,2.0,24.0,65.0,10.0,7.0,8.0,59.0,26.0,28.0,1.0,29.0,5.0,37.0,4.0,5.0,52.0,40.0,0.0,17.0,5.0,8.0,25.0,45.0,0.0,10.0,34.0,56.0,0,2
Germany,60 plus,12.0,20.0,36.0,14.0,16.0,2.0,2.0,0.0,2.0,96.0,6.0,25.0,31.0,28.0,6.0,5.0,31.0,14.0,3.0,53.0,8.0,2.0,56.0,34.0,31.0,11.0,14.0,16.0,1.0,24.0,3.0,10.0,88.0,1.0,2.0,2.0,6.0,17.0,42.0,34.0,3.0,5.0,67.0,26.0,2.0,19.0,74.0,5.0,9.0,3.0,70.0,18.0,40.0,1.0,16.0,5.0,38.0,2.0,4.0,60.0,34.0,1.0,22.0,3.0,6.0,18.0,51.0,1.0,6.0,48.0,45.0,0,3
Ghana,18 to 35,1.0,13.0,16.0,27.0,32.0,11.0,4.0,0.0,15.0,82.0,1.0,15.0,15.0,25.0,29.0,15.0,38.0,41.0,0.0,22.0,27.0,0.0,33.0,39.0,11.0,12.0,4.0,0.0,17.0,42.0,14.0,22.0,74.0,0.0,5.0,0.0,7.0,18.0,21.0,54.0,0.0,5.0,87.0,8.0,0.0,12.0,78.0,9.0,0.0,4.0,89.0,6.0,42.0,0.0,24.0,10.0,24.0,0.0,11.0,80.0,9.0,0.0,20.0,15.0,11.0,23.0,30.0,0.0,31.0,51.0,18.0,0,1
Ghana,36 to 59,2.0,15.0,20.0,18.0,36.0,9.0,2.0,0.0,27.0,71.0,0.0,12.0,16.0,18.0,40.0,13.0,28.0,50.0,0.0,21.0,34.0,0.0,32.0,34.0,8.0,13.0,2.0,0.0,14.0,48.0,14.0,16.0,80.0,0.0,4.0,0.0,7.0,13.0,19.0,61.0,0.0,5.0,84.0,11.0,0.0,11.0,80.0,9.0,0.0,3.0,91.0,6.0,46.0,1.0,23.0,8.0,23.0,0.0,8.0,82.0,9.0,0.0,21.0,15.0,9.0,20.0,34.0,0.0,26.0,61.0,13.0,0,2
Guatemala,18 to 35,2.0,10.0,28.0,30.0,17.0,12.0,2.0,1.0,3.0,93.0,1.0,13.0,29.0,31.0,18.0,9.0,42.0,43.0,0.0,15.0,10.0,1.0,46.0,43.0,7.0,24.0,10.0,0.0,15.0,31.0,13.0,10.0,87.0,0.0,2.0,2.0,8.0,26.0,42.0,22.0,0.0,4.0,89.0,7.0,2.0,9.0,84.0,4.0,0.0,4.0,94.0,2.0,41.0,1.0,36.0,3.0,19.0,0.0,3.0,91.0,6.0,0.0,12.0,4.0,5.0,36.0,42.0,0.0,8.0,71.0,21.0,0,1
Guatemala,36 to 59,7.0,9.0,30.0,29.0,17.0,8.0,2.0,2.0,6.0,90.0,2.0,8.0,29.0,31.0,25.0,5.0,38.0,51.0,1.0,11.0,8.0,2.0,31.0,59.0,4.0,19.0,14.0,0.0,17.0,35.0,12.0,9.0,90.0,0.0,1.0,7.0,10.0,23.0,39.0,21.0,2.0,4.0,89.0,5.0,1.0,9.0,86.0,4.0,1.0,3.0,92.0,4.0,53.0,4.0,22.0,3.0,18.0,0.0,3.0,93.0,4.0,0.0,14.0,6.0,4.0,18.0,58.0,0.0,6.0,80.0,14.0,1,2
Guatemala,60 plus,2.0,9.0,37.0,22.0,24.0,7.0,2.0,1.0,5.0,92.0,2.0,9.0,34.0,24.0,27.0,5.0,38.0,56.0,1.0,5.0,7.0,1.0,29.0,64.0,1.0,19.0,19.0,0.0,17.0,34.0,10.0,6.0,93.0,0.0,1.0,6.0,12.0,16.0,46.0,21.0,0.0,1.0,95.0,4.0,2.0,6.0,85.0,6.0,0.0,2.0,97.0,1.0,65.0,2.0,18.0,3.0,12.0,0.0,1.0,94.0,5.0,1.0,13.0,6.0,3.0,20.0,57.0,1.0,4.0,74.0,22.0,0,3
Haiti,18 to 35,30.0,14.0,15.0,9.0,24.0,7.0,1.0,0.0,2.0,97.0,8.0,12.0,18.0,7.0,53.0,2.0,24.0,59.0,1.0,15.0,18.0,1.0,19.0,62.0,4.0,1.0,66.0,0.0,8.0,15.0,6.0,4.0,95.0,0.0,1.0,5.0,3.0,6.0,16.0,70.0,1.0,3.0,96.0,0.0,1.0,1.0,97.0,2.0,0.0,1.0,99.0,0.0,36.0,1.0,44.0,10.0,8.0,0.0,2.0,97.0,1.0,5.0,10.0,10.0,14.0,18.0,43.0,0.0,25.0,67.0,7.0,1,1
Haiti,36 to 59,22.0,13.0,14.0,6.0,35.0,10.0,0.0,1.0,1.0,99.0,8.0,13.0,11.0,4.0,61.0,3.0,15.0,73.0,1.0,11.0,15.0,0.0,13.0,72.0,2.0,4.0,63.0,0.0,8.0,14.0,10.0,4.0,94.0,2.0,0.0,5.0,3.0,7.0,13.0,72.0,1.0,0.0,98.0,0.0,2.0,0.0,96.0,2.0,1.0,1.0,98.0,0.0,40.0,1.0,47.0,4.0,7.0,0.0,4.0,95.0,1.0,4.0,9.0,8.0,12.0,14.0,54.0,1.0,19.0,74.0,6.0,1,2
Honduras,18 to 35,7.0,14.0,21.0,33.0,14.0,11.0,2.0,1.0,3.0,94.0,1.0,14.0,22.0,34.0,18.0,12.0,41.0,37.0,1.0,20.0,10.0,2.0,54.0,34.0,9.0,16.0,17.0,0.0,13.0,36.0,9.0,10.0,88.0,1.0,1.0,7.0,7.0,22.0,47.0,16.0,1.0,2.0,91.0,6.0,1.0,17.0,81.0,1.0,0.0,2.0,94.0,4.0,42.0,4.0,27.0,8.0,19.0,0.0,3.0,92.0,6.0,2.0,9.0,8.0,7.0,34.0,41.0,0.0,15.0,52.0,32.0,0,1
Honduras,36 to 59,9.0,7.0,26.0,23.0,21.0,14.0,1.0,2.0,3.0,94.0,2.0,8.0,26.0,28.0,25.0,11.0,26.0,56.0,2.0,17.0,8.0,2.0,39.0,50.0,6.0,12.0,15.0,0.0,24.0,35.0,8.0,8.0,89.0,1.0,2.0,7.0,9.0,15.0,51.0,18.0,1.0,1.0,94.0,4.0,2.0,10.0,87.0,1.0,1.0,0.0,96.0,3.0,58.0,3.0,18.0,6.0,15.0,0.0,1.0,94.0,4.0,1.0,9.0,8.0,6.0,23.0,54.0,0.0,11.0,67.0,22.0,1,2
India,18 to 35,4.0,28.0,14.0,25.0,7.0,21.0,9.0,2.0,9.0,81.0,1.0,28.0,10.0,29.0,6.0,27.0,40.0,43.0,2.0,16.0,33.0,1.0,28.0,38.0,10.0,10.0,2.0,0.0,6.0,45.0,26.0,15.0,76.0,0.0,9.0,0.0,4.0,19.0,21.0,56.0,1.0,9.0,78.0,13.0,0.0,14.0,79.0,7.0,2.0,8.0,75.0,16.0,34.0,0.0,29.0,4.0,33.0,1.0,9.0,76.0,13.0,0.0,8.0,5.0,12.0,36.0,39.0,1.0,22.0,53.0,24.0,0,1
India,36 to 59,6.0,27.0,13.0,28.0,6.0,20.0,10.0,2.0,13.0,75.0,2.0,27.0,13.0,31.0,3.0,25.0,38.0,40.0,0.0,22.0,30.0,1.0,36.0,34.0,16.0,12.0,2.0,0.0,9.0,43.0,18.0,15.0,71.0,0.0,14.0,0.0,5.0,20.0,25.0,50.0,1.0,14.0,71.0,15.0,1.0,17.0,74.0,8.0,2.0,11.0,69.0,18.0,30.0,1.0,25.0,7.0,38.0,0.0,11.0,73.0,15.0,1.0,9.0,6.0,12.0,41.0,32.0,0.0,23.0,48.0,29.0,0,2
Indonesia,18 to 35,8.0,30.0,13.0,40.0,4.0,6.0,16.0,7.0,6.0,71.0,5.0,23.0,14.0,47.0,4.0,8.0,42.0,32.0,4.0,22.0,5.0,1.0,40.0,54.0,7.0,7.0,10.0,0.0,2.0,66.0,8.0,27.0,61.0,2.0,10.0,10.0,13.0,23.0,35.0,19.0,5.0,2.0,75.0,18.0,3.0,14.0,81.0,1.0,2.0,23.0,54.0,21.0,29.0,2.0,30.0,15.0,23.0,3.0,4.0,77.0,16.0,1.0,10.0,3.0,13.0,50.0,23.0,1.0,8.0,57.0,34.0,0,1
Indonesia,36 to 59,7.0,35.0,13.0,34.0,5.0,5.0,13.0,5.0,5.0,78.0,3.0,33.0,13.0,41.0,4.0,7.0,41.0,35.0,1.0,22.0,8.0,1.0,34.0,56.0,6.0,6.0,4.0,0.0,2.0,78.0,4.0,27.0,67.0,2.0,5.0,7.0,12.0,26.0,36.0,19.0,2.0,3.0,83.0,11.0,2.0,9.0,88.0,1.0,2.0,27.0,54.0,18.0,44.0,0.0,21.0,15.0,20.0,1.0,2.0,87.0,11.0,2.0,13.0,2.0,13.0,42.0,28.0,1.0,8.0,64.0,27.0,1,2
Iran (Islamic Republic of),18 to 35,12.0,22.0,17.0,16.0,32.0,2.0,3.0,4.0,6.0,87.0,7.0,13.0,17.0,18.0,41.0,3.0,36.0,37.0,2.0,24.0,12.0,3.0,30.0,55.0,29.0,10.0,25.0,0.0,8.0,24.0,4.0,1.0,95.0,3.0,1.0,8.0,2.0,10.0,22.0,58.0,3.0,5.0,85.0,8.0,4.0,8.0,88.0,1.0,3.0,1.0,90.0,6.0,39.0,2.0,24.0,13.0,22.0,3.0,1.0,91.0,5.0,1.0,31.0,6.0,7.0,26.0,29.0,2.0,5.0,68.0,25.0,1,1
Iran (Islamic Republic of),36 to 59,14.0,18.0,14.0,15.0,37.0,3.0,1.0,4.0,4.0,91.0,9.0,15.0,11.0,16.0,45.0,5.0,31.0,45.0,2.0,23.0,12.0,3.0,26.0,59.0,30.0,9.0,23.0,0.0,5.0,28.0,5.0,1.0,97.0,2.0,0.0,10.0,1.0,9.0,16.0,65.0,5.0,4.0,87.0,4.0,4.0,5.0,90.0,0.0,3.0,1.0,91.0,5.0,41.0,2.0,23.0,10.0,23.0,2.0,0.0,94.0,3.0,3.0,37.0,3.0,3.0,25.0,29.0,1.0,7.0,77.0,15.0,1,2
Iraq,18 to 35,0.0,32.0,32.0,16.0,15.0,4.0,1.0,0.0,2.0,97.0,0.0,32.0,29.0,20.0,14.0,5.0,23.0,49.0,0.0,27.0,16.0,0.0,19.0,66.0,22.0,7.0,0.0,0.0,5.0,48.0,17.0,10.0,88.0,0.0,2.0,0.0,16.0,40.0,19.0,24.0,0.0,5.0,94.0,1.0,0.0,2.0,95.0,3.0,0.0,6.0,93.0,1.0,46.0,0.0,16.0,17.0,21.0,0.0,5.0,91.0,5.0,0.0,11.0,15.0,6.0,30.0,38.0,0.0,17.0,64.0,19.0,1,1
Iraq,36 to 59,0.0,24.0,33.0,21.0,17.0,5.0,1.0,0.0,2.0,98.0,0.0,25.0,32.0,21.0,17.0,5.0,24.0,48.0,0.0,27.0,13.0,0.0,14.0,73.0,21.0,8.0,0.0,0.0,3.0,47.0,20.0,7.0,92.0,0.0,1.0,0.0,19.0,47.0,16.0,18.0,0.0,3.0,96.0,1.0,0.0,1.0,97.0,2.0,0.0,2.0,95.0,3.0,51.0,0.0,17.0,16.0,16.0,0.0,3.0,92.0,5.0,0.0,10.0,12.0,9.0,24.0,46.0,0.0,16.0,65.0,19.0,1,2
Italy,36 to 59,10.0,27.0,26.0,15.0,20.0,1.0,0.0,1.0,6.0,92.0,6.0,27.0,32.0,13.0,20.0,2.0,44.0,20.0,1.0,35.0,3.0,1.0,35.0,61.0,28.0,5.0,22.0,21.0,1.0,10.0,12.0,13.0,82.0,2.0,3.0,5.0,0.0,2.0,41.0,52.0,1.0,0.0,94.0,4.0,1.0,4.0,95.0,0.0,3.0,0.0,88.0,9.0,22.0,0.0,43.0,4.0,31.0,1.0,0.0,93.0,7.0,0.0,17.0,1.0,3.0,42.0,37.0,0.0,1.0,66.0,33.0,1,2
Italy,60 plus,15.0,27.0,25.0,14.0,20.0,0.0,0.0,3.0,5.0,92.0,8.0,30.0,24.0,14.0,23.0,1.0,45.0,16.0,3.0,35.0,4.0,2.0,44.0,50.0,32.0,3.0,25.0,19.0,2.0,9.0,11.0,15.0,77.0,3.0,6.0,13.0,0.0,3.0,43.0,40.0,1.0,0.0,92.0,7.0,4.0,7.0,89.0,0.0,9.0,0.0,83.0,8.0,27.0,0.0,37.0,5.0,31.0,1.0,0.0,93.0,5.0,0.0,14.0,1.0,7.0,40.0,37.0,1.0,1.0,59.0,38.0,1,3
Japan,36 to 59,20.0,22.0,16.0,26.0,7.0,8.0,2.0,5.0,6.0,88.0,15.0,26.0,24.0,16.0,16.0,3.0,33.0,35.0,11.0,22.0,3.0,3.0,30.0,64.0,9.0,9.0,51.0,0.0,5.0,18.0,9.0,25.0,53.0,17.0,5.0,13.0,7.0,13.0,27.0,40.0,8.0,12.0,65.0,15.0,7.0,17.0,73.0,2.0,4.0,4.0,84.0,9.0,17.0,2.0,46.0,11.0,23.0,13.0,4.0,64.0,19.0,3.0,24.0,5.0,10.0,26.0,32.0,3.0,10.0,67.0,21.0,0,2
Japan,60 plus,35.0,14.0,16.0,16.0,11.0,8.0,3.0,9.0,4.0,84.0,24.0,16.0,23.0,13.0,21.0,3.0,32.0,32.0,14.0,22.0,4.0,3.0,29.0,64.0,10.0,9.0,55.0,0.0,2.0,15.0,9.0,14.0,52.0,26.0,7.0,16.0,5.0,13.0,21.0,44.0,10.0,10.0,69.0,12.0,13.0,14.0,70.0,2.0,13.0,3.0,80.0,4.0,26.0,8.0,33.0,14.0,19.0,18.0,3.0,65.0,15.0,5.0,23.0,7.0,9.0,20.0,35.0,2.0,13.0,69.0,16.0,0,3
Kenya,18 to 35,8.0,13.0,16.0,30.0,16.0,17.0,1.0,1.0,3.0,96.0,5.0,13.0,15.0,33.0,14.0,19.0,26.0,63.0,0.0,10.0,11.0,0.0,41.0,48.0,16.0,6.0,9.0,0.0,9.0,54.0,6.0,6.0,93.0,1.0,0.0,3.0,5.0,16.0,19.0,56.0,0.0,7.0,92.0,1.0,1.0,0.0,90.0,9.0,0.0,6.0,93.0,1.0,29.0,1.0,48.0,5.0,17.0,0.0,6.0,85.0,9.0,1.0,23.0,10.0,9.0,27.0,30.0,0.0,37.0,53.0,9.0,1,1
Kenya,36 to 59,9.0,13.0,18.0,27.0,19.0,14.0,0.0,1.0,3.0,96.0,4.0,13.0,9.0,33.0,18.0,23.0,20.0,72.0,1.0,7.0,13.0,0.0,33.0,54.0,11.0,4.0,12.0,0.0,6.0,60.0,7.0,6.0,94.0,0.0,0.0,3.0,8.0,15.0,22.0,53.0,0.0,9.0,90.0,2.0,0.0,0.0,88.0,11.0,0.0,4.0,95.0,1.0,26.0,0.0,60.0,3.0,10.0,0.0,7.0,85.0,8.0,1.0,30.0,9.0,7.0,17.0,36.0,0.0,32.0,55.0,13.0,1,2
Kyrgyzstan,18 to 35,19.0,38.0,10.0,20.0,6.0,7.0,2.0,2.0,2.0,95.0,11.0,31.0,12.0,31.0,4.0,10.0,21.0,15.0,0.0,63.0,19.0,1.0,45.0,35.0,17.0,7.0,9.0,0.0,14.0,34.0,19.0,6.0,93.0,1.0,1.0,9.0,4.0,13.0,18.0,56.0,1.0,10.0,84.0,5.0,3.0,2.0,79.0,15.0,0.0,5.0,91.0,4.0,26.0,2.0,22.0,28.0,23.0,1.0,2.0,83.0,15.0,4.0,20.0,13.0,10.0,18.0,35.0,2.0,27.0,58.0,14.0,0,1
Kyrgyzstan,36 to 59,22.0,37.0,10.0,16.0,9.0,7.0,1.0,1.0,1.0,97.0,17.0,27.0,10.0,28.0,8.0,11.0,21.0,21.0,1.0,58.0,23.0,3.0,33.0,41.0,13.0,4.0,14.0,0.0,17.0,37.0,15.0,3.0,92.0,2.0,3.0,13.0,4.0,10.0,10.0,62.0,2.0,5.0,88.0,5.0,3.0,4.0,79.0,14.0,1.0,4.0,92.0,3.0,46.0,3.0,14.0,15.0,22.0,1.0,1.0,90.0,8.0,5.0,27.0,4.0,12.0,12.0,40.0,0.0,19.0,70.0,11.0,0,2
Lao PDR,18 to 35,37.0,18.0,19.0,13.0,4.0,9.0,1.0,10.0,4.0,85.0,12.0,31.0,29.0,18.0,3.0,7.0,37.0,36.0,1.0,26.0,8.0,1.0,58.0,33.0,3.0,11.0,10.0,0.0,25.0,47.0,4.0,3.0,96.0,1.0,0.0,7.0,1.0,54.0,19.0,18.0,1.0,1.0,96.0,2.0,2.0,1.0,95.0,2.0,1.0,0.0,98.0,2.0,36.0,1.0,23.0,9.0,30.0,4.0,2.0,80.0,13.0,2.0,3.0,3.0,12.0,26.0,54.0,1.0,18.0,61.0,21.0,1,1
Lao PDR,36 to 59,42.0,18.0,20.0,11.0,2.0,7.0,0.0,16.0,3.0,81.0,13.0,29.0,34.0,15.0,2.0,6.0,33.0,37.0,0.0,30.0,7.0,0.0,59.0,33.0,2.0,11.0,14.0,0.0,22.0,47.0,3.0,3.0,95.0,1.0,1.0,10.0,1.0,60.0,18.0,11.0,1.0,0.0,98.0,1.0,2.0,2.0,95.0,1.0,0.0,0.0,98.0,1.0,40.0,1.0,26.0,9.0,24.0,3.0,3.0,84.0,9.0,2.0,1.0,4.0,6.0,22.0,66.0,0.0,19.0,65.0,16.0,1,2
Madagascar,18 to 35,18.0,22.0,19.0,9.0,22.0,10.0,1.0,1.0,1.0,96.0,5.0,26.0,19.0,9.0,32.0,8.0,16.0,71.0,2.0,11.0,10.0,1.0,18.0,72.0,4.0,12.0,15.0,0.0,31.0,18.0,20.0,22.0,67.0,0.0,11.0,10.0,6.0,35.0,14.0,35.0,1.0,3.0,93.0,3.0,1.0,7.0,85.0,8.0,0.0,2.0,93.0,4.0,51.0,0.0,19.0,9.0,20.0,2.0,4.0,87.0,7.0,2.0,36.0,5.0,6.0,16.0,35.0,2.0,18.0,59.0,21.0,0,1
Madagascar,36 to 59,23.0,18.0,13.0,5.0,33.0,7.0,1.0,2.0,0.0,97.0,3.0,24.0,13.0,6.0,45.0,9.0,12.0,75.0,1.0,12.0,9.0,0.0,15.0,75.0,3.0,8.0,19.0,0.0,32.0,16.0,23.0,21.0,71.0,0.0,8.0,10.0,5.0,35.0,14.0,36.0,1.0,1.0,95.0,2.0,1.0,5.0,86.0,8.0,0.0,2.0,94.0,4.0,59.0,1.0,20.0,2.0,17.0,1.0,2.0,93.0,4.0,1.0,43.0,2.0,5.0,11.0,38.0,2.0,17.0,67.0,14.0,1,2
Mexico,18 to 35,5.0,16.0,31.0,31.0,14.0,3.0,1.0,1.0,2.0,96.0,2.0,19.0,27.0,35.0,10.0,8.0,58.0,30.0,1.0,11.0,7.0,1.0,26.0,67.0,9.0,27.0,11.0,0.0,3.0,37.0,14.0,17.0,82.0,0.0,0.0,3.0,2.0,9.0,47.0,39.0,2.0,0.0,95.0,3.0,2.0,5.0,92.0,0.0,0.0,0.0,97.0,3.0,25.0,1.0,51.0,3.0,21.0,1.0,0.0,94.0,4.0,0.0,9.0,1.0,2.0,29.0,58.0,0.0,5.0,80.0,15.0,1,1
Mexico,36 to 59,6.0,17.0,32.0,28.0,16.0,2.0,1.0,1.0,3.0,95.0,3.0,15.0,33.0,31.0,12.0,6.0,52.0,35.0,1.0,13.0,4.0,1.0,24.0,71.0,15.0,24.0,11.0,0.0,3.0,38.0,9.0,10.0,89.0,0.0,1.0,5.0,4.0,8.0,41.0,42.0,2.0,0.0,91.0,6.0,2.0,7.0,89.0,2.0,0.0,1.0,96.0,3.0,36.0,0.0,41.0,4.0,19.0,1.0,0.0,97.0,2.0,0.0,10.0,4.0,4.0,26.0,57.0,0.0,4.0,76.0,19.0,1,2
Morocco,18 to 35,22.0,25.0,14.0,13.0,13.0,13.0,2.0,5.0,4.0,90.0,7.0,33.0,13.0,16.0,14.0,18.0,38.0,43.0,1.0,19.0,6.0,3.0,41.0,50.0,7.0,15.0,34.0,0.0,11.0,22.0,12.0,12.0,82.0,1.0,4.0,6.0,4.0,50.0,8.0,31.0,2.0,2.0,88.0,7.0,4.0,13.0,78.0,5.0,1.0,1.0,89.0,9.0,38.0,1.0,25.0,19.0,17.0,2.0,1.0,93.0,4.0,2.0,30.0,14.0,3.0,38.0,12.0,1.0,12.0,56.0,32.0,0,1
Morocco,36 to 59,26.0,19.0,10.0,11.0,17.0,17.0,1.0,6.0,6.0,88.0,8.0,23.0,13.0,17.0,12.0,26.0,34.0,50.0,0.0,16.0,10.0,3.0,39.0,49.0,5.0,13.0,39.0,0.0,7.0,26.0,10.0,14.0,84.0,1.0,1.0,9.0,3.0,49.0,6.0,33.0,3.0,4.0,89.0,5.0,5.0,10.0,82.0,3.0,1.0,2.0,91.0,6.0,51.0,1.0,18.0,13.0,17.0,2.0,3.0,88.0,6.0,3.0,36.0,18.0,6.0,26.0,11.0,2.0,8.0,64.0,26.0,0,2
Mozambique,18 to 35,9.0,14.0,15.0,24.0,21.0,18.0,2.0,2.0,9.0,88.0,5.0,11.0,14.0,30.0,24.0,17.0,29.0,49.0,1.0,21.0,24.0,1.0,24.0,51.0,3.0,9.0,15.0,0.0,15.0,44.0,15.0,14.0,80.0,1.0,6.0,4.0,18.0,16.0,15.0,47.0,0.0,3.0,96.0,1.0,1.0,5.0,90.0,5.0,0.0,4.0,94.0,2.0,39.0,1.0,27.0,8.0,24.0,0.0,13.0,81.0,6.0,3.0,5.0,10.0,8.0,20.0,54.0,1.0,21.0,69.0,9.0,1,1
Mozambique,36 to 59,13.0,11.0,11.0,21.0,25.0,20.0,2.0,2.0,9.0,88.0,1.0,15.0,11.0,24.0,25.0,24.0,25.0,57.0,0.0,18.0,25.0,1.0,19.0,55.0,2.0,4.0,17.0,0.0,24.0,40.0,14.0,16.0,78.0,2.0,4.0,2.0,10.0,12.0,22.0,53.0,0.0,2.0,95.0,3.0,1.0,1.0,95.0,3.0,1.0,2.0,92.0,5.0,52.0,0.0,23.0,3.0,21.0,2.0,11.0,82.0,6.0,2.0,10.0,9.0,9.0,16.0,54.0,0.0,21.0,73.0,6.0,1,2
Myanmar,18 to 35,8.0,31.0,14.0,23.0,11.0,13.0,2.0,2.0,2.0,95.0,3.0,35.0,15.0,23.0,9.0,15.0,55.0,32.0,1.0,13.0,3.0,1.0,40.0,56.0,22.0,7.0,18.0,0.0,9.0,32.0,12.0,9.0,90.0,0.0,1.0,3.0,6.0,27.0,18.0,46.0,1.0,0.0,94.0,5.0,1.0,11.0,87.0,1.0,1.0,1.0,90.0,8.0,25.0,0.0,44.0,5.0,26.0,1.0,1.0,93.0,6.0,1.0,14.0,6.0,4.0,46.0,29.0,0.0,37.0,35.0,27.0,1,1
Myanmar,36 to 59,12.0,31.0,14.0,17.0,15.0,12.0,1.0,3.0,2.0,94.0,6.0,27.0,15.0,22.0,12.0,18.0,53.0,35.0,1.0,11.0,4.0,0.0,40.0,56.0,19.0,5.0,24.0,0.0,10.0,29.0,13.0,10.0,89.0,0.0,0.0,5.0,6.0,27.0,19.0,43.0,0.0,1.0,95.0,4.0,2.0,13.0,83.0,2.0,0.0,1.0,89.0,9.0,24.0,0.0,43.0,7.0,26.0,1.0,1.0,92.0,6.0,0.0,17.0,6.0,5.0,41.0,32.0,1.0,32.0,47.0,21.0,0,2
Nepal,18 to 35,8.0,15.0,23.0,14.0,38.0,3.0,1.0,1.0,1.0,97.0,6.0,15.0,13.0,23.0,37.0,6.0,41.0,36.0,4.0,19.0,18.0,1.0,24.0,57.0,4.0,8.0,7.0,0.0,18.0,55.0,9.0,7.0,91.0,1.0,1.0,2.0,1.0,22.0,14.0,62.0,0.0,3.0,91.0,5.0,1.0,1.0,95.0,2.0,1.0,2.0,93.0,5.0,32.0,5.0,36.0,5.0,23.0,1.0,2.0,95.0,3.0,1.0,20.0,3.0,9.0,21.0,45.0,2.0,19.0,56.0,23.0,1,1
Nepal,36 to 59,14.0,8.0,21.0,13.0,42.0,2.0,1.0,0.0,2.0,97.0,10.0,11.0,13.0,22.0,37.0,7.0,43.0,33.0,4.0,20.0,13.0,1.0,25.0,61.0,3.0,5.0,8.0,0.0,12.0,67.0,5.0,8.0,90.0,0.0,2.0,4.0,0.0,22.0,13.0,60.0,1.0,4.0,93.0,2.0,2.0,1.0,97.0,0.0,1.0,3.0,93.0,3.0,36.0,4.0,32.0,6.0,23.0,1.0,1.0,95.0,3.0,2.0,26.0,3.0,6.0,17.0,47.0,4.0,17.0,60.0,20.0,1,2
Nicaragua,18 to 35,2.0,26.0,19.0,24.0,23.0,6.0,4.0,1.0,5.0,90.0,1.0,23.0,21.0,24.0,23.0,8.0,43.0,39.0,1.0,18.0,5.0,0.0,42.0,52.0,9.0,23.0,5.0,0.0,10.0,43.0,9.0,7.0,88.0,1.0,4.0,1.0,9.0,20.0,44.0,26.0,0.0,3.0,88.0,9.0,1.0,12.0,84.0,2.0,0.0,1.0,91.0,9.0,45.0,0.0,35.0,5.0,15.0,0.0,1.0,85.0,14.0,0.0,19.0,6.0,4.0,36.0,35.0,0.0,6.0,70.0,24.0,0,1
Nicaragua,36 to 59,3.0,28.0,23.0,22.0,19.0,4.0,2.0,0.0,4.0,94.0,1.0,26.0,22.0,25.0,18.0,8.0,40.0,46.0,0.0,14.0,5.0,0.0,32.0,63.0,8.0,18.0,5.0,0.0,11.0,48.0,9.0,4.0,95.0,0.0,1.0,2.0,5.0,14.0,48.0,30.0,0.0,2.0,92.0,6.0,1.0,9.0,88.0,2.0,0.0,0.0,95.0,4.0,54.0,0.0,29.0,4.0,13.0,0.0,1.0,91.0,9.0,0.0,19.0,4.0,4.0,25.0,48.0,0.0,4.0,77.0,18.0,1,2
Niger (the),18 to 35,1.0,20.0,7.0,26.0,15.0,32.0,0.0,0.0,6.0,94.0,0.0,18.0,6.0,31.0,7.0,38.0,17.0,71.0,0.0,12.0,37.0,0.0,9.0,53.0,9.0,3.0,0.0,0.0,27.0,58.0,3.0,2.0,98.0,0.0,0.0,0.0,6.0,13.0,13.0,68.0,0.0,6.0,93.0,1.0,0.0,1.0,95.0,3.0,0.0,2.0,96.0,2.0,46.0,0.0,38.0,2.0,15.0,0.0,5.0,93.0,2.0,1.0,9.0,13.0,12.0,15.0,50.0,0.0,25.0,69.0,6.0,1,1
Niger (the),36 to 59,0.0,26.0,10.0,27.0,14.0,22.0,0.0,0.0,7.0,92.0,0.0,20.0,5.0,29.0,7.0,39.0,16.0,69.0,0.0,15.0,38.0,0.0,7.0,55.0,10.0,1.0,0.0,0.0,33.0,52.0,5.0,2.0,97.0,0.0,1.0,0.0,8.0,14.0,15.0,63.0,0.0,4.0,93.0,3.0,0.0,1.0,96.0,3.0,0.0,2.0,98.0,1.0,50.0,0.0,34.0,2.0,13.0,0.0,4.0,95.0,1.0,0.0,8.0,13.0,10.0,16.0,54.0,0.0,28.0,64.0,8.0,1,2
Nigeria,18 to 35,5.0,21.0,21.0,27.0,16.0,9.0,3.0,1.0,12.0,84.0,2.0,17.0,15.0,33.0,18.0,14.0,39.0,39.0,0.0,22.0,21.0,1.0,31.0,47.0,21.0,8.0,4.0,0.0,8.0,33.0,26.0,19.0,72.0,1.0,8.0,1.0,2.0,8.0,22.0,67.0,1.0,10.0,84.0,6.0,0.0,7.0,84.0,8.0,0.0,6.0,89.0,4.0,27.0,0.0,37.0,9.0,27.0,0.0,8.0,87.0,5.0,1.0,17.0,12.0,19.0,31.0,20.0,1.0,23.0,52.0,24.0,0,1
Nigeria,36 to 59,3.0,26.0,22.0,22.0,17.0,11.0,4.0,1.0,10.0,85.0,1.0,16.0,14.0,32.0,20.0,18.0,33.0,40.0,0.0,27.0,17.0,0.0,27.0,55.0,20.0,10.0,2.0,0.0,8.0,42.0,18.0,21.0,74.0,1.0,4.0,1.0,1.0,10.0,23.0,66.0,0.0,11.0,84.0,4.0,0.0,5.0,87.0,8.0,0.0,6.0,89.0,5.0,31.0,0.0,31.0,9.0,29.0,0.0,7.0,87.0,6.0,1.0,18.0,11.0,18.0,29.0,22.0,1.0,19.0,55.0,25.0,1,2
Pakistan,18 to 35,6.0,14.0,2.0,26.0,26.0,26.0,0.0,1.0,7.0,92.0,4.0,15.0,2.0,26.0,19.0,34.0,29.0,30.0,1.0,40.0,30.0,1.0,32.0,38.0,7.0,26.0,17.0,0.0,9.0,30.0,11.0,8.0,90.0,0.0,2.0,3.0,3.0,10.0,14.0,70.0,0.0,2.0,95.0,2.0,1.0,1.0,96.0,1.0,1.0,2.0,95.0,2.0,55.0,0.0,9.0,19.0,17.0,1.0,9.0,81.0,8.0,1.0,18.0,27.0,8.0,23.0,23.0,0.0,26.0,49.0,25.0,1,1
Pakistan,36 to 59,9.0,14.0,5.0,20.0,33.0,20.0,0.0,1.0,7.0,91.0,5.0,8.0,1.0,22.0,29.0,35.0,24.0,38.0,0.0,38.0,25.0,4.0,30.0,41.0,5.0,22.0,18.0,0.0,10.0,35.0,10.0,4.0,95.0,1.0,1.0,5.0,1.0,6.0,11.0,77.0,1.0,2.0,95.0,2.0,0.0,0.0,99.0,1.0,0.0,1.0,97.0,2.0,59.0,0.0,8.0,21.0,11.0,3.0,7.0,83.0,7.0,2.0,24.0,27.0,7.0,20.0,20.0,0.0,22.0,59.0,19.0,1,2
Paraguay,18 to 35,4.0,25.0,21.0,27.0,19.0,5.0,7.0,0.0,4.0,89.0,1.0,22.0,28.0,26.0,18.0,4.0,45.0,36.0,1.0,17.0,9.0,1.0,39.0,51.0,10.0,20.0,7.0,0.0,8.0,39.0,17.0,6.0,93.0,0.0,0.0,3.0,8.0,20.0,40.0,29.0,1.0,1.0,90.0,7.0,1.0,10.0,88.0,1.0,0.0,0.0,95.0,4.0,44.0,0.0,24.0,6.0,26.0,0.0,1.0,94.0,5.0,0.0,14.0,3.0,2.0,39.0,42.0,1.0,3.0,72.0,24.0,1,1
Paraguay,36 to 59,7.0,16.0,21.0,23.0,25.0,7.0,2.0,1.0,5.0,92.0,2.0,17.0,25.0,26.0,25.0,5.0,31.0,53.0,1.0,16.0,6.0,1.0,27.0,66.0,4.0,15.0,13.0,0.0,7.0,46.0,15.0,4.0,94.0,1.0,1.0,7.0,7.0,20.0,39.0,26.0,1.0,1.0,94.0,3.0,1.0,8.0,89.0,2.0,0.0,1.0,97.0,2.0,58.0,1.0,16.0,5.0,20.0,1.0,0.0,96.0,3.0,1.0,16.0,3.0,3.0,25.0,52.0,0.0,2.0,78.0,20.0,1,2
Peru,18 to 35,4.0,25.0,29.0,26.0,13.0,3.0,4.0,1.0,6.0,90.0,1.0,23.0,27.0,30.0,16.0,2.0,52.0,31.0,0.0,16.0,6.0,1.0,55.0,37.0,6.0,24.0,8.0,0.0,4.0,45.0,13.0,6.0,93.0,0.0,1.0,3.0,9.0,17.0,49.0,22.0,1.0,2.0,90.0,7.0,1.0,12.0,86.0,1.0,0.0,0.0,95.0,5.0,33.0,2.0,41.0,6.0,18.0,0.0,1.0,90.0,9.0,2.0,10.0,5.0,4.0,43.0,36.0,0.0,8.0,61.0,30.0,1,1
Peru,36 to 59,4.0,16.0,30.0,25.0,22.0,4.0,2.0,0.0,3.0,94.0,0.0,16.0,31.0,27.0,23.0,3.0,46.0,42.0,1.0,11.0,4.0,1.0,42.0,53.0,10.0,18.0,7.0,0.0,6.0,48.0,11.0,8.0,90.0,1.0,2.0,4.0,7.0,18.0,49.0,21.0,0.0,1.0,94.0,5.0,2.0,13.0,85.0,0.0,0.0,0.0,95.0,5.0,40.0,3.0,33.0,6.0,19.0,0.0,0.0,94.0,6.0,1.0,13.0,5.0,3.0,34.0,44.0,0.0,5.0,73.0,22.0,0,2
Philippines (the),18 to 35,1.0,20.0,17.0,50.0,4.0,7.0,2.0,1.0,5.0,92.0,1.0,18.0,15.0,57.0,2.0,7.0,53.0,35.0,0.0,11.0,15.0,1.0,53.0,31.0,4.0,24.0,6.0,0.0,13.0,42.0,11.0,21.0,75.0,0.0,4.0,1.0,5.0,48.0,30.0,15.0,0.0,10.0,72.0,17.0,0.0,22.0,75.0,3.0,0.0,4.0,80.0,16.0,46.0,1.0,23.0,5.0,25.0,0.0,6.0,78.0,16.0,1.0,11.0,4.0,13.0,49.0,22.0,0.0,28.0,46.0,26.0,0,1
Philippines (the),36 to 59,2.0,18.0,22.0,46.0,7.0,5.0,1.0,1.0,3.0,95.0,1.0,16.0,20.0,53.0,4.0,6.0,51.0,38.0,1.0,10.0,9.0,1.0,45.0,45.0,5.0,21.0,6.0,0.0,13.0,44.0,11.0,18.0,77.0,0.0,4.0,3.0,6.0,45.0,29.0,17.0,1.0,10.0,75.0,13.0,0.0,23.0,72.0,5.0,0.0,2.0,80.0,18.0,47.0,1.0,21.0,4.0,27.0,1.0,4.0,80.0,16.0,0.0,16.0,6.0,10.0,44.0,23.0,0.0,19.0,49.0,33.0,0,2
Republic of Korea (the),18 to 35,7.0,35.0,26.0,16.0,12.0,3.0,4.0,3.0,10.0,82.0,3.0,40.0,32.0,13.0,10.0,2.0,57.0,15.0,5.0,23.0,6.0,2.0,30.0,62.0,16.0,14.0,28.0,0.0,2.0,28.0,13.0,29.0,65.0,3.0,3.0,3.0,2.0,17.0,55.0,24.0,5.0,5.0,65.0,24.0,2.0,11.0,85.0,2.0,1.0,4.0,78.0,17.0,17.0,1.0,39.0,2.0,41.0,4.0,4.0,77.0,15.0,0.0,5.0,3.0,4.0,56.0,32.0,3.0,3.0,75.0,19.0,0,1
Republic of Korea (the),36 to 59,6.0,33.0,31.0,13.0,15.0,2.0,2.0,1.0,3.0,95.0,3.0,39.0,27.0,15.0,15.0,1.0,61.0,22.0,3.0,14.0,6.0,2.0,23.0,69.0,28.0,12.0,18.0,0.0,0.0,30.0,11.0,26.0,72.0,1.0,2.0,2.0,1.0,18.0,52.0,27.0,3.0,2.0,79.0,17.0,2.0,8.0,88.0,1.0,1.0,2.0,88.0,8.0,22.0,1.0,41.0,2.0,35.0,2.0,4.0,84.0,10.0,0.0,9.0,2.0,2.0,39.0,48.0,1.0,2.0,77.0,20.0,1,2
Republic of Korea (the),60 plus,7.0,35.0,30.0,12.0,16.0,0.0,3.0,1.0,3.0,93.0,4.0,39.0,32.0,11.0,14.0,0.0,56.0,20.0,6.0,18.0,9.0,2.0,39.0,51.0,24.0,8.0,18.0,0.0,1.0,38.0,10.0,22.0,75.0,1.0,2.0,4.0,2.0,17.0,53.0,24.0,4.0,3.0,79.0,14.0,2.0,6.0,89.0,2.0,3.0,3.0,88.0,6.0,26.0,1.0,33.0,1.0,39.0,1.0,4.0,85.0,10.0,0.0,8.0,1.0,2.0,34.0,55.0,2.0,2.0,74.0,23.0,1,3
Romania,18 to 35,12.0,26.0,18.0,24.0,18.0,3.0,8.0,6.0,9.0,78.0,7.0,37.0,19.0,14.0,20.0,3.0,32.0,21.0,3.0,44.0,7.0,0.0,59.0,34.0,4.0,13.0,22.0,27.0,2.0,23.0,9.0,2.0,97.0,0.0,0.0,4.0,14.0,11.0,31.0,41.0,3.0,2.0,84.0,10.0,1.0,13.0,78.0,8.0,2.0,5.0,78.0,14.0,17.0,0.0,39.0,12.0,32.0,3.0,0.0,90.0,7.0,2.0,9.0,5.0,10.0,41.0,33.0,0.0,27.0,37.0,35.0,0,1
Romania,36 to 59,10.0,29.0,19.0,20.0,20.0,2.0,6.0,3.0,11.0,79.0,5.0,33.0,23.0,19.0,18.0,2.0,37.0,22.0,2.0,38.0,9.0,1.0,50.0,40.0,9.0,15.0,16.0,29.0,1.0,25.0,5.0,3.0,96.0,0.0,1.0,3.0,12.0,13.0,32.0,40.0,3.0,3.0,83.0,10.0,3.0,13.0,71.0,13.0,2.0,2.0,85.0,11.0,20.0,1.0,35.0,12.0,32.0,1.0,1.0,90.0,9.0,0.0,11.0,7.0,5.0,37.0,40.0,0.0,17.0,43.0,39.0,0,2
Romania,60 plus,19.0,27.0,21.0,17.0,14.0,2.0,9.0,10.0,11.0,70.0,10.0,30.0,24.0,19.0,14.0,3.0,39.0,24.0,4.0,32.0,11.0,0.0,59.0,31.0,10.0,12.0,20.0,34.0,2.0,18.0,5.0,3.0,96.0,1.0,0.0,13.0,10.0,18.0,24.0,35.0,1.0,1.0,91.0,7.0,4.0,15.0,64.0,17.0,1.0,2.0,88.0,9.0,40.0,1.0,27.0,8.0,24.0,1.0,0.0,87.0,11.0,2.0,14.0,5.0,6.0,26.0,46.0,1.0,19.0,50.0,31.0,0,3
Russian Federation (the),18 to 35,14.0,44.0,13.0,12.0,14.0,2.0,5.0,4.0,6.0,86.0,15.0,45.0,12.0,11.0,14.0,3.0,16.0,8.0,1.0,75.0,7.0,3.0,65.0,24.0,35.0,9.0,24.0,0.0,5.0,20.0,7.0,15.0,79.0,4.0,2.0,6.0,16.0,57.0,12.0,10.0,6.0,4.0,57.0,33.0,6.0,25.0,68.0,1.0,4.0,1.0,57.0,37.0,15.0,1.0,41.0,24.0,19.0,5.0,1.0,66.0,28.0,2.0,9.0,21.0,16.0,39.0,13.0,0.0,7.0,35.0,59.0,0,1
Russian Federation (the),36 to 59,23.0,31.0,18.0,7.0,18.0,4.0,6.0,5.0,3.0,86.0,19.0,38.0,13.0,12.0,13.0,6.0,15.0,9.0,0.0,75.0,7.0,2.0,60.0,32.0,22.0,8.0,35.0,0.0,3.0,28.0,4.0,13.0,83.0,2.0,2.0,10.0,22.0,52.0,6.0,10.0,12.0,2.0,56.0,29.0,9.0,22.0,67.0,3.0,5.0,3.0,63.0,29.0,14.0,2.0,40.0,22.0,21.0,10.0,1.0,60.0,29.0,2.0,19.0,15.0,10.0,35.0,19.0,2.0,9.0,31.0,59.0,0,2
Russian Federation (the),60 plus,32.0,33.0,11.0,11.0,12.0,2.0,4.0,4.0,1.0,91.0,23.0,35.0,16.0,13.0,7.0,6.0,19.0,7.0,2.0,72.0,3.0,3.0,64.0,30.0,21.0,6.0,29.0,0.0,4.0,38.0,2.0,14.0,79.0,5.0,1.0,10.0,26.0,52.0,7.0,4.0,9.0,3.0,59.0,29.0,10.0,27.0,61.0,1.0,8.0,1.0,70.0,21.0,28.0,2.0,33.0,20.0,17.0,7.0,0.0,62.0,30.0,6.0,23.0,11.0,8.0,26.0,27.0,2.0,8.0,39.0,51.0,0,3
Samoa,18 to 35,6.0,10.0,12.0,23.0,19.0,31.0,7.0,0.0,4.0,89.0,1.0,13.0,12.0,23.0,17.0,34.0,40.0,39.0,4.0,17.0,17.0,7.0,36.0,39.0,9.0,14.0,8.0,0.0,10.0,35.0,25.0,27.0,61.0,2.0,10.0,4.0,11.0,24.0,20.0,41.0,3.0,10.0,78.0,10.0,6.0,18.0,67.0,10.0,1.0,12.0,74.0,13.0,44.0,3.0,16.0,14.0,23.0,2.0,14.0,70.0,14.0,1.0,30.0,7.0,8.0,11.0,43.0,3.0,21.0,68.0,8.0,0,1
Samoa,36 to 59,4.0,13.0,17.0,17.0,25.0,24.0,5.0,2.0,4.0,89.0,1.0,8.0,10.0,18.0,27.0,35.0,33.0,52.0,2.0,13.0,19.0,6.0,33.0,42.0,8.0,8.0,6.0,0.0,10.0,43.0,26.0,18.0,71.0,1.0,9.0,2.0,7.0,22.0,18.0,51.0,0.0,11.0,82.0,7.0,3.0,15.0,72.0,9.0,0.0,6.0,86.0,9.0,43.0,4.0,19.0,11.0,23.0,1.0,14.0,71.0,13.0,0.0,30.0,5.0,7.0,7.0,49.0,0.0,15.0,77.0,7.0,0,2
Saudi Arabia,18 to 35,24.0,11.0,4.0,25.0,5.0,30.0,2.0,5.0,6.0,87.0,11.0,8.0,2.0,16.0,4.0,60.0,27.0,25.0,2.0,46.0,66.0,1.0,16.0,17.0,11.0,14.0,28.0,0.0,4.0,43.0,0.0,10.0,77.0,6.0,6.0,17.0,2.0,12.0,22.0,47.0,4.0,2.0,88.0,6.0,7.0,14.0,76.0,2.0,3.0,5.0,83.0,10.0,41.0,2.0,17.0,25.0,16.0,5.0,3.0,78.0,15.0,4.0,4.0,40.0,12.0,22.0,18.0,3.0,51.0,26.0,20.0,0,1
Saudi Arabia,36 to 59,18.0,10.0,7.0,20.0,9.0,37.0,4.0,4.0,4.0,89.0,7.0,3.0,2.0,16.0,3.0,70.0,27.0,22.0,1.0,49.0,68.0,1.0,18.0,12.0,14.0,11.0,16.0,0.0,4.0,55.0,0.0,8.0,83.0,4.0,5.0,14.0,2.0,7.0,22.0,54.0,4.0,2.0,86.0,8.0,4.0,14.0,81.0,1.0,2.0,4.0,81.0,14.0,35.0,1.0,20.0,26.0,19.0,4.0,1.0,77.0,18.0,4.0,3.0,36.0,15.0,17.0,24.0,2.0,49.0,28.0,20.0,0,2
South Africa,18 to 35,9.0,15.0,13.0,23.0,20.0,21.0,6.0,2.0,6.0,86.0,6.0,16.0,11.0,23.0,22.0,22.0,27.0,48.0,1.0,24.0,20.0,1.0,32.0,48.0,10.0,14.0,16.0,0.0,9.0,40.0,10.0,12.0,83.0,1.0,3.0,3.0,4.0,12.0,18.0,63.0,1.0,5.0,89.0,5.0,2.0,12.0,80.0,6.0,0.0,3.0,92.0,5.0,31.0,1.0,39.0,8.0,21.0,1.0,5.0,88.0,6.0,2.0,24.0,7.0,12.0,23.0,32.0,0.0,22.0,65.0,12.0,0,1
South Africa,36 to 59,15.0,17.0,11.0,20.0,25.0,13.0,10.0,4.0,6.0,79.0,9.0,18.0,15.0,18.0,24.0,15.0,23.0,46.0,2.0,29.0,22.0,2.0,27.0,48.0,8.0,9.0,20.0,0.0,10.0,39.0,14.0,12.0,80.0,2.0,7.0,5.0,6.0,13.0,17.0,59.0,3.0,4.0,85.0,8.0,4.0,13.0,75.0,7.0,1.0,4.0,87.0,8.0,35.0,3.0,30.0,8.0,25.0,1.0,5.0,82.0,12.0,4.0,30.0,9.0,9.0,17.0,30.0,1.0,19.0,63.0,17.0,0,2
Spain,36 to 59,8.0,16.0,40.0,9.0,24.0,2.0,2.0,0.0,3.0,96.0,4.0,19.0,36.0,18.0,22.0,2.0,20.0,27.0,0.0,53.0,3.0,1.0,23.0,74.0,25.0,10.0,22.0,13.0,0.0,26.0,4.0,4.0,94.0,1.0,2.0,4.0,7.0,12.0,22.0,55.0,1.0,2.0,92.0,6.0,3.0,8.0,83.0,6.0,2.0,4.0,79.0,16.0,48.0,0.0,21.0,7.0,24.0,1.0,1.0,82.0,15.0,0.0,14.0,7.0,5.0,19.0,54.0,0.0,3.0,60.0,37.0,0,2
Spain,60 plus,12.0,17.0,34.0,8.0,26.0,2.0,1.0,0.0,3.0,95.0,5.0,20.0,38.0,14.0,20.0,2.0,14.0,23.0,1.0,62.0,4.0,1.0,21.0,74.0,23.0,11.0,24.0,10.0,1.0,30.0,1.0,12.0,84.0,0.0,3.0,6.0,5.0,13.0,23.0,53.0,2.0,1.0,92.0,5.0,2.0,6.0,86.0,6.0,5.0,1.0,82.0,12.0,62.0,1.0,15.0,6.0,17.0,3.0,1.0,82.0,14.0,0.0,14.0,7.0,4.0,20.0,55.0,0.0,3.0,59.0,38.0,1,3
Sri Lanka,18 to 35,23.0,12.0,16.0,20.0,25.0,4.0,1.0,2.0,4.0,93.0,8.0,18.0,16.0,24.0,25.0,9.0,33.0,36.0,2.0,29.0,12.0,2.0,28.0,58.0,23.0,8.0,24.0,0.0,5.0,36.0,5.0,3.0,96.0,0.0,1.0,5.0,1.0,4.0,12.0,79.0,1.0,3.0,91.0,5.0,2.0,3.0,95.0,0.0,0.0,1.0,92.0,7.0,46.0,1.0,23.0,16.0,14.0,2.0,1.0,91.0,7.0,12.0,16.0,7.0,4.0,33.0,29.0,4.0,16.0,54.0,25.0,1,1
Sri Lanka,36 to 59,17.0,12.0,19.0,15.0,32.0,5.0,2.0,2.0,2.0,94.0,7.0,13.0,18.0,21.0,36.0,5.0,30.0,49.0,1.0,20.0,10.0,1.0,26.0,63.0,21.0,6.0,26.0,0.0,7.0,36.0,5.0,4.0,96.0,0.0,1.0,4.0,2.0,5.0,9.0,80.0,2.0,2.0,94.0,3.0,1.0,1.0,98.0,0.0,3.0,0.0,93.0,3.0,51.0,1.0,23.0,14.0,12.0,4.0,1.0,92.0,3.0,6.0,18.0,6.0,4.0,23.0,43.0,2.0,16.0,65.0,17.0,1,2
Sudan (the),18 to 35,8.0,32.0,20.0,19.0,14.0,6.0,4.0,1.0,11.0,84.0,1.0,30.0,21.0,24.0,17.0,7.0,25.0,36.0,0.0,40.0,18.0,1.0,29.0,53.0,12.0,9.0,8.0,0.0,19.0,32.0,19.0,16.0,78.0,0.0,5.0,2.0,9.0,9.0,23.0,57.0,0.0,4.0,94.0,3.0,1.0,10.0,79.0,10.0,2.0,6.0,86.0,6.0,56.0,1.0,15.0,13.0,16.0,1.0,13.0,72.0,14.0,2.0,18.0,10.0,8.0,33.0,29.0,0.0,17.0,65.0,17.0,0,1
Sudan (the),36 to 59,9.0,33.0,21.0,18.0,13.0,5.0,2.0,2.0,11.0,84.0,3.0,32.0,20.0,22.0,16.0,7.0,22.0,32.0,0.0,46.0,10.0,1.0,34.0,55.0,10.0,4.0,10.0,0.0,25.0,35.0,16.0,11.0,86.0,1.0,2.0,2.0,8.0,4.0,26.0,60.0,0.0,1.0,96.0,2.0,2.0,7.0,83.0,8.0,2.0,4.0,86.0,8.0,64.0,0.0,13.0,14.0,10.0,1.0,9.0,80.0,10.0,2.0,21.0,7.0,9.0,28.0,32.0,0.0,13.0,66.0,22.0,0,2
Tanzania (the United Republic of),18 to 35,16.0,27.0,10.0,29.0,8.0,9.0,4.0,9.0,8.0,79.0,3.0,22.0,4.0,43.0,3.0,25.0,37.0,30.0,0.0,33.0,10.0,3.0,51.0,36.0,7.0,3.0,6.0,0.0,9.0,66.0,10.0,5.0,91.0,3.0,2.0,9.0,13.0,33.0,23.0,23.0,1.0,7.0,87.0,5.0,0.0,2.0,98.0,0.0,0.0,1.0,97.0,2.0,31.0,1.0,35.0,17.0,16.0,1.0,1.0,92.0,6.0,3.0,11.0,8.0,16.0,34.0,27.0,0.0,31.0,47.0,21.0,1,1
Tanzania (the United Republic of),36 to 59,21.0,29.0,8.0,27.0,8.0,6.0,2.0,10.0,8.0,79.0,3.0,23.0,3.0,44.0,5.0,21.0,42.0,33.0,1.0,24.0,8.0,2.0,46.0,44.0,6.0,1.0,4.0,0.0,8.0,72.0,9.0,6.0,90.0,2.0,1.0,6.0,18.0,26.0,20.0,29.0,2.0,4.0,85.0,9.0,1.0,1.0,97.0,1.0,0.0,1.0,97.0,2.0,42.0,1.0,31.0,9.0,17.0,1.0,2.0,94.0,3.0,5.0,13.0,4.0,11.0,30.0,37.0,0.0,18.0,61.0,21.0,1,2
Tunisia,18 to 35,18.0,25.0,11.0,20.0,18.0,9.0,1.0,1.0,15.0,83.0,4.0,31.0,9.0,31.0,19.0,6.0,29.0,42.0,1.0,28.0,26.0,0.0,34.0,39.0,9.0,16.0,18.0,0.0,11.0,36.0,10.0,14.0,77.0,1.0,8.0,4.0,5.0,23.0,9.0,59.0,3.0,2.0,88.0,7.0,3.0,9.0,85.0,4.0,1.0,10.0,75.0,14.0,39.0,1.0,19.0,21.0,20.0,1.0,1.0,91.0,7.0,1.0,15.0,21.0,10.0,29.0,23.0,0.0,25.0,42.0,32.0,0,1
Tunisia,36 to 59,22.0,22.0,9.0,23.0,17.0,8.0,2.0,2.0,10.0,86.0,3.0,24.0,7.0,38.0,13.0,15.0,23.0,56.0,1.0,20.0,35.0,0.0,26.0,39.0,5.0,13.0,22.0,0.0,9.0,45.0,7.0,14.0,80.0,3.0,3.0,6.0,5.0,26.0,8.0,54.0,2.0,3.0,86.0,9.0,3.0,7.0,87.0,4.0,1.0,6.0,82.0,12.0,56.0,0.0,16.0,10.0,18.0,1.0,1.0,90.0,8.0,3.0,21.0,12.0,6.0,28.0,31.0,2.0,30.0,42.0,26.0,1,2
Uganda,18 to 35,5.0,16.0,21.0,21.0,26.0,12.0,1.0,1.0,6.0,92.0,4.0,17.0,14.0,30.0,19.0,17.0,31.0,58.0,0.0,11.0,24.0,2.0,23.0,52.0,11.0,7.0,7.0,0.0,22.0,44.0,9.0,13.0,82.0,1.0,4.0,1.0,6.0,34.0,10.0,50.0,1.0,11.0,81.0,7.0,1.0,4.0,89.0,6.0,0.0,4.0,95.0,1.0,58.0,0.0,20.0,5.0,17.0,1.0,8.0,85.0,7.0,1.0,16.0,12.0,13.0,24.0,34.0,1.0,28.0,59.0,12.0,1,1
Uganda,36 to 59,8.0,19.0,18.0,14.0,33.0,7.0,1.0,2.0,5.0,92.0,3.0,17.0,19.0,23.0,24.0,16.0,22.0,70.0,0.0,7.0,15.0,0.0,25.0,60.0,10.0,1.0,6.0,0.0,22.0,52.0,8.0,14.0,82.0,0.0,4.0,3.0,8.0,32.0,13.0,44.0,2.0,10.0,82.0,7.0,1.0,3.0,91.0,5.0,0.0,3.0,95.0,2.0,67.0,0.0,18.0,4.0,11.0,2.0,6.0,89.0,3.0,1.0,18.0,6.0,9.0,17.0,49.0,1.0,26.0,66.0,7.0,1,2
United Kingdom of Great Britain and Northern Ireland (the),18 to 35,9.0,24.0,32.0,19.0,14.0,2.0,0.0,2.0,6.0,91.0,7.0,22.0,41.0,19.0,10.0,1.0,37.0,15.0,2.0,46.0,5.0,2.0,43.0,50.0,22.0,16.0,4.0,0.0,6.0,41.0,10.0,13.0,85.0,1.0,1.0,3.0,2.0,9.0,43.0,43.0,3.0,3.0,76.0,18.0,2.0,5.0,91.0,2.0,1.0,3.0,81.0,15.0,15.0,1.0,35.0,6.0,43.0,2.0,1.0,81.0,16.0,1.0,17.0,1.0,7.0,43.0,30.0,1.0,3.0,58.0,38.0,1,1
United Kingdom of Great Britain and Northern Ireland (the),36 to 59,11.0,27.0,25.0,21.0,13.0,3.0,3.0,3.0,8.0,86.0,8.0,28.0,30.0,22.0,10.0,2.0,40.0,12.0,1.0,47.0,3.0,2.0,46.0,48.0,21.0,18.0,10.0,0.0,1.0,42.0,8.0,14.0,81.0,3.0,1.0,5.0,6.0,14.0,37.0,38.0,9.0,5.0,64.0,22.0,4.0,11.0,83.0,2.0,3.0,4.0,70.0,23.0,19.0,1.0,34.0,8.0,38.0,3.0,2.0,74.0,22.0,0.0,18.0,4.0,10.0,37.0,30.0,1.0,5.0,47.0,47.0,0,2
United Kingdom of Great Britain and Northern Ireland (the),60 plus,18.0,21.0,22.0,27.0,11.0,2.0,0.0,1.0,4.0,95.0,7.0,28.0,22.0,31.0,10.0,2.0,27.0,10.0,1.0,62.0,4.0,0.0,39.0,56.0,36.0,9.0,13.0,0.0,2.0,30.0,10.0,23.0,74.0,1.0,2.0,6.0,6.0,20.0,42.0,26.0,5.0,3.0,65.0,27.0,1.0,17.0,79.0,2.0,7.0,1.0,68.0,24.0,25.0,0.0,32.0,6.0,37.0,1.0,1.0,78.0,19.0,0.0,21.0,3.0,9.0,31.0,37.0,0.0,4.0,51.0,45.0,0,3
United States of America (the),18 to 35,5.0,15.0,20.0,12.0,43.0,5.0,0.0,1.0,14.0,85.0,7.0,15.0,31.0,17.0,24.0,5.0,30.0,20.0,0.0,50.0,9.0,1.0,49.0,40.0,25.0,20.0,6.0,0.0,16.0,23.0,10.0,17.0,79.0,1.0,4.0,1.0,14.0,17.0,30.0,38.0,4.0,20.0,71.0,5.0,3.0,1.0,79.0,17.0,1.0,18.0,78.0,3.0,24.0,0.0,28.0,18.0,30.0,1.0,3.0,66.0,30.0,0.0,24.0,19.0,11.0,24.0,22.0,2.0,25.0,59.0,14.0,0,1
United States of America (the),36 to 59,6.0,21.0,21.0,12.0,30.0,10.0,0.0,2.0,26.0,72.0,5.0,21.0,19.0,15.0,30.0,10.0,19.0,15.0,1.0,65.0,14.0,2.0,58.0,27.0,21.0,17.0,12.0,0.0,10.0,29.0,11.0,25.0,72.0,1.0,2.0,0.0,36.0,21.0,24.0,19.0,3.0,37.0,55.0,5.0,1.0,2.0,56.0,40.0,1.0,37.0,59.0,3.0,19.0,1.0,29.0,32.0,19.0,1.0,12.0,48.0,39.0,0.0,15.0,32.0,13.0,19.0,21.0,3.0,41.0,44.0,12.0,0,2
United States of America (the),60 plus,10.0,14.0,23.0,20.0,26.0,7.0,1.0,1.0,17.0,81.0,7.0,10.0,23.0,28.0,23.0,9.0,22.0,14.0,1.0,64.0,10.0,1.0,53.0,35.0,25.0,13.0,15.0,0.0,7.0,32.0,8.0,21.0,74.0,0.0,5.0,1.0,27.0,22.0,22.0,28.0,3.0,27.0,65.0,5.0,4.0,5.0,63.0,28.0,2.0,30.0,65.0,3.0,22.0,1.0,28.0,25.0,24.0,1.0,8.0,55.0,37.0,0.0,18.0,27.0,12.0,19.0,23.0,2.0,36.0,48.0,14.0,0,3
Zimbabwe,18 to 35,14.0,12.0,10.0,32.0,14.0,17.0,1.0,1.0,3.0,94.0,12.0,14.0,8.0,33.0,9.0,23.0,28.0,47.0,1.0,24.0,17.0,0.0,23.0,60.0,10.0,4.0,12.0,0.0,11.0,48.0,16.0,4.0,94.0,1.0,2.0,5.0,4.0,23.0,12.0,56.0,1.0,4.0,91.0,5.0,2.0,8.0,84.0,7.0,0.0,1.0,95.0,3.0,43.0,3.0,30.0,8.0,16.0,1.0,3.0,90.0,7.0,4.0,19.0,6.0,12.0,24.0,36.0,1.0,24.0,57.0,18.0,0,1
Zimbabwe,36 to 59,25.0,11.0,9.0,29.0,18.0,9.0,2.0,2.0,2.0,95.0,14.0,14.0,6.0,35.0,8.0,23.0,24.0,55.0,1.0,20.0,10.0,0.0,16.0,73.0,9.0,2.0,10.0,0.0,14.0,48.0,17.0,3.0,95.0,2.0,1.0,5.0,3.0,23.0,10.0,60.0,1.0,4.0,92.0,3.0,2.0,4.0,86.0,8.0,2.0,2.0,95.0,1.0,42.0,2.0,38.0,5.0,13.0,1.0,2.0,90.0,7.0,3.0,21.0,4.0,7.0,20.0,44.0,0.0,21.0,60.0,18.0,1,2
